id,custom_label_3
0129720,CL3_vyloucene
0129721,CL3_vyloucene
0129722,CL3_vyloucene
100022,CL3_vyloucene
1000x,CL3_vyloucene
100152,CL3_vyloucene
100191,CL3_vyloucene
100192,CL3_vyloucene
10069,CL3_vyloucene
100830,CL3_vyloucene
100831,CL3_vyloucene
100832,CL3_vyloucene
100835,CL3_vyloucene
100880,CL3_vyloucene
100882,CL3_vyloucene
100885,CL3_vyloucene
100982,CL3_vyloucene
101139,CL3_vyloucene
101159,CL3_vyloucene
101176,CL3_vyloucene
101277,CL3_vyloucene
101283,CL3_vyloucene
10129,CL3_vyloucene
10130,CL3_vyloucene
101317,CL3_vyloucene
101384,CL3_vyloucene
101483,CL3_vyloucene
101484,CL3_vyloucene
101495,CL3_vyloucene
101645,CL3_vyloucene
101666,CL3_vyloucene
10167,CL3_vyloucene
101709,CL3_vyloucene
101773,CL3_vyloucene
101784,CL3_vyloucene
1017x,CL3_vyloucene
101868,CL3_vyloucene
101872,CL3_vyloucene
101885,CL3_vyloucene
101921,CL3_vyloucene
101958,CL3_vyloucene
101964,CL3_vyloucene
101972,CL3_vyloucene
102013,CL3_vyloucene
102014,CL3_vyloucene
102034,CL3_vyloucene
102394,CL3_vyloucene
102396,CL3_vyloucene
102408,CL3_vyloucene
10246,CL3_vyloucene
102490,CL3_vyloucene
102495,CL3_vyloucene
102498,CL3_vyloucene
1024x,CL3_vyloucene
102507,CL3_vyloucene
102510,CL3_vyloucene
102511,CL3_vyloucene
102514,CL3_vyloucene
102515,CL3_vyloucene
102520,CL3_vyloucene
102554,CL3_vyloucene
102580,CL3_vyloucene
1025x,CL3_vyloucene
102620,CL3_vyloucene
102623,CL3_vyloucene
102624,CL3_vyloucene
102626,CL3_vyloucene
102632,CL3_vyloucene
1026x,CL3_vyloucene
102728,CL3_vyloucene
103132,CL3_vyloucene
103167,CL3_vyloucene
103179,CL3_vyloucene
103183,CL3_vyloucene
103212,CL3_vyloucene
103221,CL3_vyloucene
10323,CL3_vyloucene
103240,CL3_vyloucene
103268,CL3_vyloucene
103281,CL3_vyloucene
103283,CL3_vyloucene
103335,CL3_vyloucene
103362,CL3_vyloucene
103364,CL3_vyloucene
103394,CL3_vyloucene
103452,CL3_vyloucene
103454,CL3_vyloucene
103455,CL3_vyloucene
103460,CL3_vyloucene
103461,CL3_vyloucene
103470,CL3_vyloucene
103527,CL3_vyloucene
103568,CL3_vyloucene
103599,CL3_vyloucene
103603,CL3_vyloucene
103609,CL3_vyloucene
103648,CL3_vyloucene
103652,CL3_vyloucene
103653,CL3_vyloucene
103658,CL3_vyloucene
103766,CL3_vyloucene
1038,CL3_vyloucene
103805,CL3_vyloucene
103890,CL3_vyloucene
103892,CL3_vyloucene
103897,CL3_vyloucene
103900,CL3_vyloucene
103906,CL3_vyloucene
103920,CL3_vyloucene
103941,CL3_vyloucene
103958,CL3_vyloucene
103981,CL3_vyloucene
103985,CL3_vyloucene
10405,CL3_vyloucene
1041,CL3_vyloucene
1041x,CL3_vyloucene
104432,CL3_vyloucene
104442,CL3_vyloucene
104447,CL3_vyloucene
104450,CL3_vyloucene
104453,CL3_vyloucene
104455,CL3_vyloucene
104481,CL3_vyloucene
104554,CL3_vyloucene
104561,CL3_vyloucene
10460,CL3_vyloucene
104666,CL3_vyloucene
104714,CL3_vyloucene
104716,CL3_vyloucene
104727,CL3_vyloucene
104750,CL3_vyloucene
104753,CL3_vyloucene
104763,CL3_vyloucene
104765,CL3_vyloucene
104780,CL3_vyloucene
104782,CL3_vyloucene
104784,CL3_vyloucene
104786,CL3_vyloucene
104788,CL3_vyloucene
104792,CL3_vyloucene
104796,CL3_vyloucene
104798,CL3_vyloucene
104804,CL3_vyloucene
104811,CL3_vyloucene
104814,CL3_vyloucene
104815,CL3_vyloucene
104860,CL3_vyloucene
104863,CL3_vyloucene
1048x,CL3_vyloucene
105054,CL3_vyloucene
1050x,CL3_vyloucene
105167,CL3_vyloucene
105186,CL3_vyloucene
105193,CL3_vyloucene
105269,CL3_vyloucene
105308,CL3_vyloucene
105416,CL3_vyloucene
105425,CL3_vyloucene
105456,CL3_vyloucene
105485,CL3_vyloucene
105491,CL3_vyloucene
105583,CL3_vyloucene
105587,CL3_vyloucene
105598,CL3_vyloucene
105606,CL3_vyloucene
105608,CL3_vyloucene
105615,CL3_vyloucene
105622,CL3_vyloucene
105668,CL3_vyloucene
10567,CL3_vyloucene
105695,CL3_vyloucene
105760,CL3_vyloucene
105762,CL3_vyloucene
105764,CL3_vyloucene
105767,CL3_vyloucene
105801,CL3_vyloucene
105859,CL3_vyloucene
105887,CL3_vyloucene
105891,CL3_vyloucene
1058x,CL3_vyloucene
105911,CL3_vyloucene
105914,CL3_vyloucene
105930,CL3_vyloucene
105934,CL3_vyloucene
106026,CL3_vyloucene
106065,CL3_vyloucene
106101,CL3_vyloucene
10618,CL3_vyloucene
106224,CL3_vyloucene
106437,CL3_vyloucene
106469,CL3_vyloucene
106493,CL3_vyloucene
106532,CL3_vyloucene
106566,CL3_vyloucene
106652,CL3_vyloucene
106653,CL3_vyloucene
106658,CL3_vyloucene
106663,CL3_vyloucene
106682,CL3_vyloucene
106684,CL3_vyloucene
106690,CL3_vyloucene
106692,CL3_vyloucene
106705,CL3_vyloucene
106728,CL3_vyloucene
106796,CL3_vyloucene
106843,CL3_vyloucene
106977,CL3_vyloucene
106984,CL3_vyloucene
1070x,CL3_vyloucene
1071x,CL3_vyloucene
107226,CL3_vyloucene
107234,CL3_vyloucene
107236,CL3_vyloucene
107468,CL3_vyloucene
107502,CL3_vyloucene
107567,CL3_vyloucene
1077x,CL3_vyloucene
107942,CL3_vyloucene
108085,CL3_vyloucene
108490,CL3_vyloucene
108505,CL3_vyloucene
108512,CL3_vyloucene
108514,CL3_vyloucene
108646,CL3_vyloucene
108725,CL3_vyloucene
108748,CL3_vyloucene
10890,CL3_vyloucene
109013,CL3_vyloucene
109018,CL3_vyloucene
109060,CL3_vyloucene
109105,CL3_vyloucene
10918,CL3_vyloucene
1097x,CL3_vyloucene
109973,CL3_vyloucene
109975,CL3_vyloucene
109984,CL3_vyloucene
109998,CL3_vyloucene
110023,CL3_vyloucene
110027,CL3_vyloucene
110035,CL3_vyloucene
110051,CL3_vyloucene
11092,CL3_vyloucene
111095,CL3_vyloucene
111101,CL3_vyloucene
111113,CL3_vyloucene
111177,CL3_vyloucene
111199,CL3_vyloucene
11120,CL3_vyloucene
11124,CL3_vyloucene
111262,CL3_vyloucene
111267,CL3_vyloucene
111274,CL3_vyloucene
111275,CL3_vyloucene
111280,CL3_vyloucene
111494,CL3_vyloucene
111681,CL3_vyloucene
111700,CL3_vyloucene
111786,CL3_vyloucene
11188,CL3_vyloucene
112125,CL3_vyloucene
112233,CL3_vyloucene
112273,CL3_vyloucene
112310,CL3_vyloucene
112313,CL3_vyloucene
112373,CL3_vyloucene
11242,CL3_vyloucene
112448,CL3_vyloucene
112457,CL3_vyloucene
11248,CL3_vyloucene
112505,CL3_vyloucene
112506,CL3_vyloucene
112511,CL3_vyloucene
112512,CL3_vyloucene
112704,CL3_vyloucene
11272,CL3_vyloucene
112813,CL3_vyloucene
112814,CL3_vyloucene
112825,CL3_vyloucene
112939,CL3_vyloucene
112940,CL3_vyloucene
112942,CL3_vyloucene
113048,CL3_vyloucene
113051,CL3_vyloucene
113173,CL3_vyloucene
113395,CL3_vyloucene
113461,CL3_vyloucene
113469,CL3_vyloucene
113489,CL3_vyloucene
113495,CL3_vyloucene
113496,CL3_vyloucene
113513,CL3_vyloucene
113514,CL3_vyloucene
113528,CL3_vyloucene
113531,CL3_vyloucene
113532,CL3_vyloucene
113538,CL3_vyloucene
113539,CL3_vyloucene
113541,CL3_vyloucene
113543,CL3_vyloucene
113557,CL3_vyloucene
113558,CL3_vyloucene
113603,CL3_vyloucene
11363,CL3_vyloucene
113681,CL3_vyloucene
113712,CL3_vyloucene
113751,CL3_vyloucene
113752,CL3_vyloucene
113772,CL3_vyloucene
113778,CL3_vyloucene
11388,CL3_vyloucene
113982,CL3_vyloucene
113989,CL3_vyloucene
113992,CL3_vyloucene
113993,CL3_vyloucene
114001,CL3_vyloucene
114010,CL3_vyloucene
114060,CL3_vyloucene
114072,CL3_vyloucene
114238,CL3_vyloucene
114284,CL3_vyloucene
114286,CL3_vyloucene
114293,CL3_vyloucene
114351,CL3_vyloucene
114364,CL3_vyloucene
114371,CL3_vyloucene
114386,CL3_vyloucene
114441,CL3_vyloucene
114464,CL3_vyloucene
114480,CL3_vyloucene
114517,CL3_vyloucene
114529,CL3_vyloucene
114546,CL3_vyloucene
114558,CL3_vyloucene
114582,CL3_vyloucene
114585,CL3_vyloucene
114586,CL3_vyloucene
114589,CL3_vyloucene
114610,CL3_vyloucene
114700,CL3_vyloucene
114702,CL3_vyloucene
114708,CL3_vyloucene
114724,CL3_vyloucene
114841,CL3_vyloucene
114847,CL3_vyloucene
114850,CL3_vyloucene
114852,CL3_vyloucene
114855,CL3_vyloucene
114858,CL3_vyloucene
114868,CL3_vyloucene
114871,CL3_vyloucene
114897,CL3_vyloucene
114898,CL3_vyloucene
114904,CL3_vyloucene
114908,CL3_vyloucene
114909,CL3_vyloucene
114931,CL3_vyloucene
114949,CL3_vyloucene
114972,CL3_vyloucene
114973,CL3_vyloucene
114976,CL3_vyloucene
115001,CL3_vyloucene
115004,CL3_vyloucene
115010,CL3_vyloucene
115015,CL3_vyloucene
115055,CL3_vyloucene
11517,CL3_vyloucene
115293,CL3_vyloucene
115307,CL3_vyloucene
115321,CL3_vyloucene
115394,CL3_vyloucene
11540,CL3_vyloucene
11541,CL3_vyloucene
115414,CL3_vyloucene
115415,CL3_vyloucene
11544,CL3_vyloucene
115441,CL3_vyloucene
115444,CL3_vyloucene
115445,CL3_vyloucene
115451,CL3_vyloucene
115453,CL3_vyloucene
115456,CL3_vyloucene
115458,CL3_vyloucene
115470,CL3_vyloucene
115471,CL3_vyloucene
115472,CL3_vyloucene
115608,CL3_vyloucene
115614,CL3_vyloucene
115784,CL3_vyloucene
1158,CL3_vyloucene
11580,CL3_vyloucene
115810,CL3_vyloucene
115861,CL3_vyloucene
1158a,CL3_vyloucene
115948,CL3_vyloucene
115981,CL3_vyloucene
115993,CL3_vyloucene
116061,CL3_vyloucene
116070,CL3_vyloucene
116073,CL3_vyloucene
116095,CL3_vyloucene
116133,CL3_vyloucene
116465,CL3_vyloucene
116468,CL3_vyloucene
116470,CL3_vyloucene
116473,CL3_vyloucene
116474,CL3_vyloucene
116481,CL3_vyloucene
116493,CL3_vyloucene
116495,CL3_vyloucene
116511,CL3_vyloucene
116515,CL3_vyloucene
116520,CL3_vyloucene
116521,CL3_vyloucene
116527,CL3_vyloucene
116530,CL3_vyloucene
116539,CL3_vyloucene
116540,CL3_vyloucene
116546,CL3_vyloucene
116562,CL3_vyloucene
116565,CL3_vyloucene
116572,CL3_vyloucene
116612,CL3_vyloucene
116653,CL3_vyloucene
116655,CL3_vyloucene
116668,CL3_vyloucene
116713,CL3_vyloucene
116752,CL3_vyloucene
116754,CL3_vyloucene
116759,CL3_vyloucene
11707,CL3_vyloucene
117096,CL3_vyloucene
117104,CL3_vyloucene
117114,CL3_vyloucene
117132,CL3_vyloucene
117137,CL3_vyloucene
117138,CL3_vyloucene
117139,CL3_vyloucene
117140,CL3_vyloucene
117142,CL3_vyloucene
117143,CL3_vyloucene
117145,CL3_vyloucene
117149,CL3_vyloucene
117152,CL3_vyloucene
117358,CL3_vyloucene
117404,CL3_vyloucene
117418,CL3_vyloucene
117445,CL3_vyloucene
117503,CL3_vyloucene
117522,CL3_vyloucene
117720,CL3_vyloucene
117853,CL3_vyloucene
117863,CL3_vyloucene
11805,CL3_vyloucene
118055,CL3_vyloucene
118083,CL3_vyloucene
118109,CL3_vyloucene
118112,CL3_vyloucene
118114,CL3_vyloucene
118165,CL3_vyloucene
118167,CL3_vyloucene
118172,CL3_vyloucene
118184,CL3_vyloucene
118227,CL3_vyloucene
118253,CL3_vyloucene
118260,CL3_vyloucene
118261,CL3_vyloucene
118262,CL3_vyloucene
118268,CL3_vyloucene
118270,CL3_vyloucene
118340,CL3_vyloucene
118362,CL3_vyloucene
118366,CL3_vyloucene
118373,CL3_vyloucene
118376,CL3_vyloucene
118397,CL3_vyloucene
118406,CL3_vyloucene
118409,CL3_vyloucene
118438,CL3_vyloucene
118480,CL3_vyloucene
118517,CL3_vyloucene
118519,CL3_vyloucene
118573,CL3_vyloucene
118766,CL3_vyloucene
118775,CL3_vyloucene
118779,CL3_vyloucene
118784,CL3_vyloucene
118786,CL3_vyloucene
118789,CL3_vyloucene
118792,CL3_vyloucene
118803,CL3_vyloucene
118812,CL3_vyloucene
118825,CL3_vyloucene
118834,CL3_vyloucene
118838,CL3_vyloucene
118845,CL3_vyloucene
118870,CL3_vyloucene
118883,CL3_vyloucene
118907,CL3_vyloucene
118910,CL3_vyloucene
118931,CL3_vyloucene
118933,CL3_vyloucene
118942,CL3_vyloucene
118967,CL3_vyloucene
118976,CL3_vyloucene
118977,CL3_vyloucene
118996,CL3_vyloucene
118999,CL3_vyloucene
119003,CL3_vyloucene
119011,CL3_vyloucene
119036,CL3_vyloucene
119048,CL3_vyloucene
119075,CL3_vyloucene
119144,CL3_vyloucene
119147,CL3_vyloucene
119218,CL3_vyloucene
119244,CL3_vyloucene
119250,CL3_vyloucene
119252,CL3_vyloucene
119260,CL3_vyloucene
119270,CL3_vyloucene
119272,CL3_vyloucene
119292,CL3_vyloucene
119306,CL3_vyloucene
119310,CL3_vyloucene
119312,CL3_vyloucene
119321,CL3_vyloucene
119333,CL3_vyloucene
119335,CL3_vyloucene
119336,CL3_vyloucene
119343,CL3_vyloucene
119344,CL3_vyloucene
119345,CL3_vyloucene
119348,CL3_vyloucene
119353,CL3_vyloucene
119360,CL3_vyloucene
119361,CL3_vyloucene
119757,CL3_vyloucene
119767,CL3_vyloucene
119771,CL3_vyloucene
119857,CL3_vyloucene
119989,CL3_vyloucene
120007,CL3_vyloucene
120036,CL3_vyloucene
120041,CL3_vyloucene
120045,CL3_vyloucene
120047,CL3_vyloucene
120069,CL3_vyloucene
120078,CL3_vyloucene
120088,CL3_vyloucene
120157,CL3_vyloucene
120244,CL3_vyloucene
120247,CL3_vyloucene
120293,CL3_vyloucene
120303,CL3_vyloucene
120322,CL3_vyloucene
120422,CL3_vyloucene
12049,CL3_vyloucene
120928,CL3_vyloucene
120931,CL3_vyloucene
120957,CL3_vyloucene
120965,CL3_vyloucene
120968,CL3_vyloucene
120987,CL3_vyloucene
121001,CL3_vyloucene
121016,CL3_vyloucene
121023,CL3_vyloucene
121051,CL3_vyloucene
121065,CL3_vyloucene
121104,CL3_vyloucene
121105,CL3_vyloucene
121114,CL3_vyloucene
121201,CL3_vyloucene
121305,CL3_vyloucene
121306,CL3_vyloucene
121323,CL3_vyloucene
121324,CL3_vyloucene
121329,CL3_vyloucene
121359,CL3_vyloucene
121370,CL3_vyloucene
121374,CL3_vyloucene
121513,CL3_vyloucene
121564,CL3_vyloucene
121583,CL3_vyloucene
121593,CL3_vyloucene
121613,CL3_vyloucene
121622,CL3_vyloucene
121640,CL3_vyloucene
121646,CL3_vyloucene
121658,CL3_vyloucene
121659,CL3_vyloucene
121669,CL3_vyloucene
12167,CL3_vyloucene
121677,CL3_vyloucene
121678,CL3_vyloucene
121692,CL3_vyloucene
12170,CL3_vyloucene
121706,CL3_vyloucene
121782,CL3_vyloucene
121825,CL3_vyloucene
121841,CL3_vyloucene
121855,CL3_vyloucene
121879,CL3_vyloucene
121913,CL3_vyloucene
122008,CL3_vyloucene
122087,CL3_vyloucene
122214,CL3_vyloucene
122229,CL3_vyloucene
122230,CL3_vyloucene
122310,CL3_vyloucene
122330,CL3_vyloucene
122480,CL3_vyloucene
122502,CL3_vyloucene
122503,CL3_vyloucene
122511,CL3_vyloucene
122557,CL3_vyloucene
122630,CL3_vyloucene
122633,CL3_vyloucene
122641,CL3_vyloucene
122670,CL3_vyloucene
122692,CL3_vyloucene
122741,CL3_vyloucene
122775,CL3_vyloucene
122835,CL3_vyloucene
122977,CL3_vyloucene
123015,CL3_vyloucene
123108,CL3_vyloucene
123110,CL3_vyloucene
123250,CL3_vyloucene
123320,CL3_vyloucene
123338,CL3_vyloucene
123345,CL3_vyloucene
123351,CL3_vyloucene
123403,CL3_vyloucene
123405,CL3_vyloucene
123426,CL3_vyloucene
123500,CL3_vyloucene
123574,CL3_vyloucene
123603,CL3_vyloucene
123659,CL3_vyloucene
123660,CL3_vyloucene
123668,CL3_vyloucene
123684,CL3_vyloucene
123685,CL3_vyloucene
123769,CL3_vyloucene
123771,CL3_vyloucene
123822,CL3_vyloucene
123872,CL3_vyloucene
123881,CL3_vyloucene
123886,CL3_vyloucene
123887,CL3_vyloucene
123890,CL3_vyloucene
123997,CL3_vyloucene
124033,CL3_vyloucene
124069,CL3_vyloucene
124075,CL3_vyloucene
124113,CL3_vyloucene
124132,CL3_vyloucene
124136,CL3_vyloucene
124151,CL3_vyloucene
124166,CL3_vyloucene
124250,CL3_vyloucene
124262,CL3_vyloucene
124287,CL3_vyloucene
124306,CL3_vyloucene
124320,CL3_vyloucene
124343,CL3_vyloucene
12443,CL3_vyloucene
124464,CL3_vyloucene
124476,CL3_vyloucene
1244789,CL3_vyloucene
1244796,CL3_vyloucene
124486,CL3_vyloucene
124491,CL3_vyloucene
124519,CL3_vyloucene
124523,CL3_vyloucene
124706,CL3_vyloucene
124715,CL3_vyloucene
124720,CL3_vyloucene
124755,CL3_vyloucene
124793,CL3_vyloucene
124907,CL3_vyloucene
124932,CL3_vyloucene
12497,CL3_vyloucene
124981,CL3_vyloucene
125001,CL3_vyloucene
125047,CL3_vyloucene
125050,CL3_vyloucene
125051,CL3_vyloucene
125062,CL3_vyloucene
125068,CL3_vyloucene
125096,CL3_vyloucene
125104,CL3_vyloucene
125108,CL3_vyloucene
125123,CL3_vyloucene
125154,CL3_vyloucene
125181,CL3_vyloucene
12521,CL3_vyloucene
125236,CL3_vyloucene
125270,CL3_vyloucene
125272,CL3_vyloucene
125273,CL3_vyloucene
125294,CL3_vyloucene
125298,CL3_vyloucene
125310,CL3_vyloucene
125317,CL3_vyloucene
125321,CL3_vyloucene
125327,CL3_vyloucene
125328,CL3_vyloucene
125331,CL3_vyloucene
12535,CL3_vyloucene
125400,CL3_vyloucene
125575,CL3_vyloucene
125581,CL3_vyloucene
125623,CL3_vyloucene
125653,CL3_vyloucene
125672,CL3_vyloucene
125942,CL3_vyloucene
125960,CL3_vyloucene
125992,CL3_vyloucene
126005,CL3_vyloucene
126012,CL3_vyloucene
126014,CL3_vyloucene
126016,CL3_vyloucene
126021,CL3_vyloucene
126038,CL3_vyloucene
126041,CL3_vyloucene
126133,CL3_vyloucene
126135,CL3_vyloucene
126137,CL3_vyloucene
126146,CL3_vyloucene
126148,CL3_vyloucene
126160,CL3_vyloucene
1262,CL3_vyloucene
126527,CL3_vyloucene
126536,CL3_vyloucene
126537,CL3_vyloucene
126538,CL3_vyloucene
12677,CL3_vyloucene
126782,CL3_vyloucene
126785,CL3_vyloucene
126821,CL3_vyloucene
126903,CL3_vyloucene
126928,CL3_vyloucene
126973,CL3_vyloucene
12702,CL3_vyloucene
127031,CL3_vyloucene
127039,CL3_vyloucene
127095,CL3_vyloucene
127097,CL3_vyloucene
12711,CL3_vyloucene
127158,CL3_vyloucene
127162,CL3_vyloucene
127334,CL3_vyloucene
127359,CL3_vyloucene
12750,CL3_vyloucene
127588,CL3_vyloucene
127589,CL3_vyloucene
12763,CL3_vyloucene
127793,CL3_vyloucene
127796,CL3_vyloucene
127800,CL3_vyloucene
127977,CL3_vyloucene
127981,CL3_vyloucene
128065,CL3_vyloucene
128083,CL3_vyloucene
12828,CL3_vyloucene
128294,CL3_vyloucene
128295,CL3_vyloucene
128304,CL3_vyloucene
12832,CL3_vyloucene
128326,CL3_vyloucene
128328,CL3_vyloucene
128329,CL3_vyloucene
128350,CL3_vyloucene
128351,CL3_vyloucene
128358,CL3_vyloucene
128370,CL3_vyloucene
128479,CL3_vyloucene
128481,CL3_vyloucene
128512,CL3_vyloucene
128523,CL3_vyloucene
128545,CL3_vyloucene
128549,CL3_vyloucene
128587,CL3_vyloucene
128604,CL3_vyloucene
128629,CL3_vyloucene
128665,CL3_vyloucene
128745,CL3_vyloucene
128746,CL3_vyloucene
128747,CL3_vyloucene
128749,CL3_vyloucene
128750,CL3_vyloucene
128754,CL3_vyloucene
128755,CL3_vyloucene
128756,CL3_vyloucene
128757,CL3_vyloucene
128760,CL3_vyloucene
128761,CL3_vyloucene
128774,CL3_vyloucene
128791,CL3_vyloucene
128792,CL3_vyloucene
128794,CL3_vyloucene
128799,CL3_vyloucene
128805,CL3_vyloucene
128806,CL3_vyloucene
128807,CL3_vyloucene
128813,CL3_vyloucene
128814,CL3_vyloucene
12883,CL3_vyloucene
128865,CL3_vyloucene
128876,CL3_vyloucene
128889,CL3_vyloucene
12891,CL3_vyloucene
128937,CL3_vyloucene
128978,CL3_vyloucene
128979,CL3_vyloucene
129016,CL3_vyloucene
129030,CL3_vyloucene
129063,CL3_vyloucene
129151,CL3_vyloucene
129162,CL3_vyloucene
129164,CL3_vyloucene
129171,CL3_vyloucene
129175,CL3_vyloucene
129181,CL3_vyloucene
129204,CL3_vyloucene
129253,CL3_vyloucene
129379,CL3_vyloucene
129380,CL3_vyloucene
129417,CL3_vyloucene
129489,CL3_vyloucene
129604,CL3_vyloucene
129606,CL3_vyloucene
129676,CL3_vyloucene
129681,CL3_vyloucene
129805,CL3_vyloucene
129989,CL3_vyloucene
129994,CL3_vyloucene
130007,CL3_vyloucene
130013,CL3_vyloucene
130065,CL3_vyloucene
130111,CL3_vyloucene
130120,CL3_vyloucene
130121,CL3_vyloucene
130124,CL3_vyloucene
130159,CL3_vyloucene
130296,CL3_vyloucene
130297,CL3_vyloucene
130314,CL3_vyloucene
130318,CL3_vyloucene
13037,CL3_vyloucene
13038,CL3_vyloucene
130422,CL3_vyloucene
130423,CL3_vyloucene
130424,CL3_vyloucene
13044,CL3_vyloucene
130456,CL3_vyloucene
130466,CL3_vyloucene
130468,CL3_vyloucene
130470,CL3_vyloucene
130472,CL3_vyloucene
130473,CL3_vyloucene
130479,CL3_vyloucene
130482,CL3_vyloucene
130542,CL3_vyloucene
130546,CL3_vyloucene
130552,CL3_vyloucene
130553,CL3_vyloucene
130556,CL3_vyloucene
130571,CL3_vyloucene
130631,CL3_vyloucene
130637,CL3_vyloucene
130638,CL3_vyloucene
130640,CL3_vyloucene
130666,CL3_vyloucene
13072,CL3_vyloucene
1308,CL3_vyloucene
13088,CL3_vyloucene
13091,CL3_vyloucene
130937,CL3_vyloucene
130945,CL3_vyloucene
131059,CL3_vyloucene
131061,CL3_vyloucene
131088,CL3_vyloucene
131095,CL3_vyloucene
131099,CL3_vyloucene
131128,CL3_vyloucene
131139,CL3_vyloucene
131144,CL3_vyloucene
13134,CL3_vyloucene
131345,CL3_vyloucene
131389,CL3_vyloucene
131391,CL3_vyloucene
131442,CL3_vyloucene
131645,CL3_vyloucene
131693,CL3_vyloucene
13173,CL3_vyloucene
131881,CL3_vyloucene
131884,CL3_vyloucene
13193,CL3_vyloucene
131957,CL3_vyloucene
132097,CL3_vyloucene
132136,CL3_vyloucene
132170,CL3_vyloucene
132193,CL3_vyloucene
132208,CL3_vyloucene
132310,CL3_vyloucene
132346,CL3_vyloucene
132349,CL3_vyloucene
132388,CL3_vyloucene
132501,CL3_vyloucene
132521,CL3_vyloucene
132528,CL3_vyloucene
132533,CL3_vyloucene
132537,CL3_vyloucene
132540,CL3_vyloucene
132608,CL3_vyloucene
132617,CL3_vyloucene
132801,CL3_vyloucene
132845,CL3_vyloucene
132906,CL3_vyloucene
133017,CL3_vyloucene
133051,CL3_vyloucene
133068,CL3_vyloucene
133118,CL3_vyloucene
133125,CL3_vyloucene
133134,CL3_vyloucene
133136,CL3_vyloucene
133210,CL3_vyloucene
133292,CL3_vyloucene
133356,CL3_vyloucene
133357,CL3_vyloucene
13336,CL3_vyloucene
133392,CL3_vyloucene
133430,CL3_vyloucene
13346,CL3_vyloucene
133506,CL3_vyloucene
133536,CL3_vyloucene
133587,CL3_vyloucene
133678,CL3_vyloucene
133746,CL3_vyloucene
133749,CL3_vyloucene
133774,CL3_vyloucene
133824,CL3_vyloucene
133839,CL3_vyloucene
133880,CL3_vyloucene
133882,CL3_vyloucene
133883,CL3_vyloucene
133889,CL3_vyloucene
133895,CL3_vyloucene
134035,CL3_vyloucene
134120,CL3_vyloucene
134123,CL3_vyloucene
134134,CL3_vyloucene
134189,CL3_vyloucene
134214,CL3_vyloucene
134240,CL3_vyloucene
134244,CL3_vyloucene
134264,CL3_vyloucene
13427,CL3_vyloucene
134351,CL3_vyloucene
134354,CL3_vyloucene
134396,CL3_vyloucene
134440,CL3_vyloucene
134466,CL3_vyloucene
134735,CL3_vyloucene
134745,CL3_vyloucene
134755,CL3_vyloucene
134756,CL3_vyloucene
134758,CL3_vyloucene
134759,CL3_vyloucene
134761,CL3_vyloucene
134807,CL3_vyloucene
134901,CL3_vyloucene
134906,CL3_vyloucene
13491,CL3_vyloucene
134991,CL3_vyloucene
135000,CL3_vyloucene
135009,CL3_vyloucene
135016,CL3_vyloucene
135017,CL3_vyloucene
135020,CL3_vyloucene
135032,CL3_vyloucene
135099,CL3_vyloucene
135105,CL3_vyloucene
135139,CL3_vyloucene
135145,CL3_vyloucene
135149,CL3_vyloucene
135158,CL3_vyloucene
135233,CL3_vyloucene
13529,CL3_vyloucene
13530,CL3_vyloucene
13533,CL3_vyloucene
135333,CL3_vyloucene
13534,CL3_vyloucene
13536,CL3_vyloucene
135360,CL3_vyloucene
135370,CL3_vyloucene
135393,CL3_vyloucene
135426,CL3_vyloucene
135427,CL3_vyloucene
135433,CL3_vyloucene
135445,CL3_vyloucene
135451,CL3_vyloucene
135452,CL3_vyloucene
135571,CL3_vyloucene
135579,CL3_vyloucene
135584,CL3_vyloucene
135616,CL3_vyloucene
13565,CL3_vyloucene
135693,CL3_vyloucene
13571,CL3_vyloucene
135713,CL3_vyloucene
13577,CL3_vyloucene
136049,CL3_vyloucene
13608,CL3_vyloucene
136085,CL3_vyloucene
136088,CL3_vyloucene
136091,CL3_vyloucene
136209,CL3_vyloucene
136213,CL3_vyloucene
136216,CL3_vyloucene
136264,CL3_vyloucene
136265,CL3_vyloucene
136272,CL3_vyloucene
136274,CL3_vyloucene
136280,CL3_vyloucene
136295,CL3_vyloucene
136298,CL3_vyloucene
136308,CL3_vyloucene
13631,CL3_vyloucene
13644,CL3_vyloucene
136479,CL3_vyloucene
136485,CL3_vyloucene
13659,CL3_vyloucene
136655,CL3_vyloucene
136916,CL3_vyloucene
137880,CL3_vyloucene
137914,CL3_vyloucene
137921,CL3_vyloucene
13794,CL3_vyloucene
138962,CL3_vyloucene
138964,CL3_vyloucene
138966,CL3_vyloucene
138967,CL3_vyloucene
138975,CL3_vyloucene
138982,CL3_vyloucene
139003,CL3_vyloucene
13904,CL3_vyloucene
139045,CL3_vyloucene
139072,CL3_vyloucene
139146,CL3_vyloucene
139175,CL3_vyloucene
139198,CL3_vyloucene
139297,CL3_vyloucene
139307,CL3_vyloucene
139308,CL3_vyloucene
139309,CL3_vyloucene
139310,CL3_vyloucene
139498,CL3_vyloucene
139546,CL3_vyloucene
139557,CL3_vyloucene
139559,CL3_vyloucene
139615,CL3_vyloucene
139618,CL3_vyloucene
139689,CL3_vyloucene
139693,CL3_vyloucene
139705,CL3_vyloucene
139781,CL3_vyloucene
139813,CL3_vyloucene
139822,CL3_vyloucene
139824,CL3_vyloucene
139852,CL3_vyloucene
139862,CL3_vyloucene
139870,CL3_vyloucene
140028,CL3_vyloucene
140029,CL3_vyloucene
140038,CL3_vyloucene
140082,CL3_vyloucene
1406,CL3_vyloucene
141052,CL3_vyloucene
141126,CL3_vyloucene
141178,CL3_vyloucene
141184,CL3_vyloucene
141189,CL3_vyloucene
14127,CL3_vyloucene
141339,CL3_vyloucene
141343,CL3_vyloucene
141344,CL3_vyloucene
141353,CL3_vyloucene
141430,CL3_vyloucene
141490,CL3_vyloucene
141511,CL3_vyloucene
141591,CL3_vyloucene
141593,CL3_vyloucene
141619,CL3_vyloucene
141674,CL3_vyloucene
141675,CL3_vyloucene
141680,CL3_vyloucene
141700,CL3_vyloucene
141741,CL3_vyloucene
141766,CL3_vyloucene
141822,CL3_vyloucene
141886,CL3_vyloucene
141913,CL3_vyloucene
141939,CL3_vyloucene
141960,CL3_vyloucene
142005,CL3_vyloucene
142006,CL3_vyloucene
142011,CL3_vyloucene
142024,CL3_vyloucene
142031,CL3_vyloucene
142033,CL3_vyloucene
142034,CL3_vyloucene
14212,CL3_vyloucene
142123,CL3_vyloucene
142160,CL3_vyloucene
142171,CL3_vyloucene
142178,CL3_vyloucene
142186,CL3_vyloucene
142209,CL3_vyloucene
142219,CL3_vyloucene
142220,CL3_vyloucene
142228,CL3_vyloucene
142229,CL3_vyloucene
142232,CL3_vyloucene
142242,CL3_vyloucene
142266,CL3_vyloucene
142271,CL3_vyloucene
142279,CL3_vyloucene
14233,CL3_vyloucene
14248,CL3_vyloucene
142654,CL3_vyloucene
142655,CL3_vyloucene
142659,CL3_vyloucene
14267,CL3_vyloucene
142679,CL3_vyloucene
142779,CL3_vyloucene
142923,CL3_vyloucene
142936,CL3_vyloucene
14307,CL3_vyloucene
143072,CL3_vyloucene
143079,CL3_vyloucene
143126,CL3_vyloucene
143127,CL3_vyloucene
143130,CL3_vyloucene
143131,CL3_vyloucene
143133,CL3_vyloucene
143140,CL3_vyloucene
143157,CL3_vyloucene
143189,CL3_vyloucene
143209,CL3_vyloucene
143210,CL3_vyloucene
143216,CL3_vyloucene
143226,CL3_vyloucene
143227,CL3_vyloucene
143234,CL3_vyloucene
143236,CL3_vyloucene
143244,CL3_vyloucene
143246,CL3_vyloucene
143292,CL3_vyloucene
143348,CL3_vyloucene
143353,CL3_vyloucene
143355,CL3_vyloucene
143356,CL3_vyloucene
143370,CL3_vyloucene
143372,CL3_vyloucene
143390,CL3_vyloucene
143397,CL3_vyloucene
143412,CL3_vyloucene
143418,CL3_vyloucene
143421,CL3_vyloucene
143425,CL3_vyloucene
143443,CL3_vyloucene
143459,CL3_vyloucene
143477,CL3_vyloucene
143627,CL3_vyloucene
143653,CL3_vyloucene
143655,CL3_vyloucene
143656,CL3_vyloucene
143661,CL3_vyloucene
143662,CL3_vyloucene
143674,CL3_vyloucene
143676,CL3_vyloucene
143688,CL3_vyloucene
143692,CL3_vyloucene
143704,CL3_vyloucene
143718,CL3_vyloucene
143724,CL3_vyloucene
143737,CL3_vyloucene
143751,CL3_vyloucene
143777,CL3_vyloucene
143784,CL3_vyloucene
143815,CL3_vyloucene
143816,CL3_vyloucene
143853,CL3_vyloucene
143857,CL3_vyloucene
143867,CL3_vyloucene
143881,CL3_vyloucene
143884,CL3_vyloucene
143889,CL3_vyloucene
143891,CL3_vyloucene
143892,CL3_vyloucene
143896,CL3_vyloucene
143963,CL3_vyloucene
143964,CL3_vyloucene
143965,CL3_vyloucene
144011,CL3_vyloucene
144054,CL3_vyloucene
144100,CL3_vyloucene
144104,CL3_vyloucene
144105,CL3_vyloucene
144110,CL3_vyloucene
144117,CL3_vyloucene
144118,CL3_vyloucene
144136,CL3_vyloucene
144217,CL3_vyloucene
144256,CL3_vyloucene
144258,CL3_vyloucene
144261,CL3_vyloucene
144265,CL3_vyloucene
144267,CL3_vyloucene
144281,CL3_vyloucene
144284,CL3_vyloucene
144287,CL3_vyloucene
144291,CL3_vyloucene
144308,CL3_vyloucene
144316,CL3_vyloucene
144346,CL3_vyloucene
144351,CL3_vyloucene
144362,CL3_vyloucene
144405,CL3_vyloucene
144414,CL3_vyloucene
144426,CL3_vyloucene
144429,CL3_vyloucene
144434,CL3_vyloucene
144436,CL3_vyloucene
144437,CL3_vyloucene
144438,CL3_vyloucene
144443,CL3_vyloucene
144447,CL3_vyloucene
144450,CL3_vyloucene
144461,CL3_vyloucene
144499,CL3_vyloucene
144503,CL3_vyloucene
144529,CL3_vyloucene
144592,CL3_vyloucene
144611,CL3_vyloucene
144625,CL3_vyloucene
144629,CL3_vyloucene
144642,CL3_vyloucene
144664,CL3_vyloucene
144668,CL3_vyloucene
144722,CL3_vyloucene
144747,CL3_vyloucene
144748,CL3_vyloucene
144754,CL3_vyloucene
144778,CL3_vyloucene
144784,CL3_vyloucene
144790,CL3_vyloucene
144830,CL3_vyloucene
144834,CL3_vyloucene
144838,CL3_vyloucene
144839,CL3_vyloucene
144858,CL3_vyloucene
144860,CL3_vyloucene
144878,CL3_vyloucene
144915,CL3_vyloucene
145011,CL3_vyloucene
145012,CL3_vyloucene
145016,CL3_vyloucene
145020,CL3_vyloucene
145035,CL3_vyloucene
145040,CL3_vyloucene
145086,CL3_vyloucene
145088,CL3_vyloucene
145089,CL3_vyloucene
145102,CL3_vyloucene
145106,CL3_vyloucene
145107,CL3_vyloucene
145108,CL3_vyloucene
145112,CL3_vyloucene
145114,CL3_vyloucene
145117,CL3_vyloucene
145119,CL3_vyloucene
145120,CL3_vyloucene
145122,CL3_vyloucene
145128,CL3_vyloucene
145178,CL3_vyloucene
145180,CL3_vyloucene
145181,CL3_vyloucene
145183,CL3_vyloucene
145193,CL3_vyloucene
14528,CL3_vyloucene
14530,CL3_vyloucene
145386,CL3_vyloucene
145387,CL3_vyloucene
145389,CL3_vyloucene
145392,CL3_vyloucene
145393,CL3_vyloucene
145395,CL3_vyloucene
14547,CL3_vyloucene
145575,CL3_vyloucene
145578,CL3_vyloucene
145580,CL3_vyloucene
145584,CL3_vyloucene
145593,CL3_vyloucene
145596,CL3_vyloucene
145601,CL3_vyloucene
145605,CL3_vyloucene
145606,CL3_vyloucene
145607,CL3_vyloucene
145608,CL3_vyloucene
145625,CL3_vyloucene
145636,CL3_vyloucene
146686,CL3_vyloucene
146693,CL3_vyloucene
146696,CL3_vyloucene
146698,CL3_vyloucene
146734,CL3_vyloucene
146736,CL3_vyloucene
146737,CL3_vyloucene
146745,CL3_vyloucene
146746,CL3_vyloucene
146754,CL3_vyloucene
146871,CL3_vyloucene
146872,CL3_vyloucene
146881,CL3_vyloucene
146912,CL3_vyloucene
146923,CL3_vyloucene
146930,CL3_vyloucene
146939,CL3_vyloucene
146940,CL3_vyloucene
146953,CL3_vyloucene
146955,CL3_vyloucene
146958,CL3_vyloucene
147017,CL3_vyloucene
147029,CL3_vyloucene
147034,CL3_vyloucene
147128,CL3_vyloucene
147197,CL3_vyloucene
147237,CL3_vyloucene
147241,CL3_vyloucene
147270,CL3_vyloucene
14730,CL3_vyloucene
147328,CL3_vyloucene
147330,CL3_vyloucene
147354,CL3_vyloucene
147355,CL3_vyloucene
147385,CL3_vyloucene
147399,CL3_vyloucene
147400,CL3_vyloucene
147402,CL3_vyloucene
147403,CL3_vyloucene
147417,CL3_vyloucene
147418,CL3_vyloucene
147419,CL3_vyloucene
147420,CL3_vyloucene
147421,CL3_vyloucene
147425,CL3_vyloucene
147432,CL3_vyloucene
147440,CL3_vyloucene
147444,CL3_vyloucene
147446,CL3_vyloucene
147448,CL3_vyloucene
147452,CL3_vyloucene
147494,CL3_vyloucene
147523,CL3_vyloucene
147575,CL3_vyloucene
147578,CL3_vyloucene
14762,CL3_vyloucene
147626,CL3_vyloucene
14764,CL3_vyloucene
14767,CL3_vyloucene
147688,CL3_vyloucene
147704,CL3_vyloucene
147711,CL3_vyloucene
147712,CL3_vyloucene
147784,CL3_vyloucene
147791,CL3_vyloucene
147797,CL3_vyloucene
147800,CL3_vyloucene
147803,CL3_vyloucene
147823,CL3_vyloucene
147832,CL3_vyloucene
147833,CL3_vyloucene
147834,CL3_vyloucene
147835,CL3_vyloucene
147836,CL3_vyloucene
147842,CL3_vyloucene
147845,CL3_vyloucene
147882,CL3_vyloucene
147900,CL3_vyloucene
147931,CL3_vyloucene
14795,CL3_vyloucene
148038,CL3_vyloucene
148066,CL3_vyloucene
148080,CL3_vyloucene
148086,CL3_vyloucene
148109,CL3_vyloucene
148110,CL3_vyloucene
148115,CL3_vyloucene
148117,CL3_vyloucene
148133,CL3_vyloucene
148188,CL3_vyloucene
148192,CL3_vyloucene
148213,CL3_vyloucene
148220,CL3_vyloucene
148227,CL3_vyloucene
148234,CL3_vyloucene
148237,CL3_vyloucene
148241,CL3_vyloucene
148250,CL3_vyloucene
148254,CL3_vyloucene
148256,CL3_vyloucene
148257,CL3_vyloucene
148260,CL3_vyloucene
148261,CL3_vyloucene
148263,CL3_vyloucene
148266,CL3_vyloucene
148283,CL3_vyloucene
148291,CL3_vyloucene
148296,CL3_vyloucene
148338,CL3_vyloucene
148339,CL3_vyloucene
14835,CL3_vyloucene
148522,CL3_vyloucene
148527,CL3_vyloucene
148565,CL3_vyloucene
148609,CL3_vyloucene
148620,CL3_vyloucene
148665,CL3_vyloucene
148673,CL3_vyloucene
148680,CL3_vyloucene
148706,CL3_vyloucene
148726,CL3_vyloucene
148739,CL3_vyloucene
148801,CL3_vyloucene
148804,CL3_vyloucene
148807,CL3_vyloucene
148812,CL3_vyloucene
148816,CL3_vyloucene
148827,CL3_vyloucene
148828,CL3_vyloucene
148832,CL3_vyloucene
148842,CL3_vyloucene
148853,CL3_vyloucene
148854,CL3_vyloucene
14887,CL3_vyloucene
148882,CL3_vyloucene
148890,CL3_vyloucene
148893,CL3_vyloucene
148900,CL3_vyloucene
149011,CL3_vyloucene
149013,CL3_vyloucene
149091,CL3_vyloucene
149093,CL3_vyloucene
149097,CL3_vyloucene
149134,CL3_vyloucene
14914,CL3_vyloucene
149151,CL3_vyloucene
149155,CL3_vyloucene
149246,CL3_vyloucene
149251,CL3_vyloucene
149252,CL3_vyloucene
149255,CL3_vyloucene
149345,CL3_vyloucene
149350,CL3_vyloucene
149351,CL3_vyloucene
149353,CL3_vyloucene
149354,CL3_vyloucene
149357,CL3_vyloucene
149361,CL3_vyloucene
149362,CL3_vyloucene
149363,CL3_vyloucene
149364,CL3_vyloucene
149375,CL3_vyloucene
149397,CL3_vyloucene
149398,CL3_vyloucene
149404,CL3_vyloucene
149405,CL3_vyloucene
149408,CL3_vyloucene
149409,CL3_vyloucene
149413,CL3_vyloucene
149416,CL3_vyloucene
149418,CL3_vyloucene
149428,CL3_vyloucene
149429,CL3_vyloucene
149460,CL3_vyloucene
149472,CL3_vyloucene
149492,CL3_vyloucene
149499,CL3_vyloucene
149500,CL3_vyloucene
149502,CL3_vyloucene
149511,CL3_vyloucene
149547,CL3_vyloucene
149556,CL3_vyloucene
149670,CL3_vyloucene
149718,CL3_vyloucene
149719,CL3_vyloucene
149735,CL3_vyloucene
149742,CL3_vyloucene
149746,CL3_vyloucene
150035,CL3_vyloucene
150036,CL3_vyloucene
150037,CL3_vyloucene
150038,CL3_vyloucene
150039,CL3_vyloucene
150041,CL3_vyloucene
150042,CL3_vyloucene
150047,CL3_vyloucene
150057,CL3_vyloucene
150116,CL3_vyloucene
150119,CL3_vyloucene
150124,CL3_vyloucene
150132,CL3_vyloucene
150155,CL3_vyloucene
150167,CL3_vyloucene
150172,CL3_vyloucene
150173,CL3_vyloucene
150201,CL3_vyloucene
150205,CL3_vyloucene
150211,CL3_vyloucene
150240,CL3_vyloucene
150262,CL3_vyloucene
150276,CL3_vyloucene
150288,CL3_vyloucene
150295,CL3_vyloucene
150298,CL3_vyloucene
15030,CL3_vyloucene
150300,CL3_vyloucene
150304,CL3_vyloucene
150330,CL3_vyloucene
150331,CL3_vyloucene
150343,CL3_vyloucene
150386,CL3_vyloucene
150391,CL3_vyloucene
150403,CL3_vyloucene
150427,CL3_vyloucene
150428,CL3_vyloucene
150436,CL3_vyloucene
150463,CL3_vyloucene
150469,CL3_vyloucene
150481,CL3_vyloucene
150482,CL3_vyloucene
150488,CL3_vyloucene
150494,CL3_vyloucene
150509,CL3_vyloucene
150527,CL3_vyloucene
150529,CL3_vyloucene
150531,CL3_vyloucene
150543,CL3_vyloucene
150605,CL3_vyloucene
150607,CL3_vyloucene
150608,CL3_vyloucene
150611,CL3_vyloucene
150618,CL3_vyloucene
150619,CL3_vyloucene
150626,CL3_vyloucene
150637,CL3_vyloucene
150638,CL3_vyloucene
150687,CL3_vyloucene
151102,CL3_vyloucene
151105,CL3_vyloucene
151156,CL3_vyloucene
151158,CL3_vyloucene
151175,CL3_vyloucene
151178,CL3_vyloucene
151181,CL3_vyloucene
151182,CL3_vyloucene
151198,CL3_vyloucene
151202,CL3_vyloucene
151203,CL3_vyloucene
151212,CL3_vyloucene
151217,CL3_vyloucene
15122,CL3_vyloucene
151234,CL3_vyloucene
151268,CL3_vyloucene
151301,CL3_vyloucene
151303,CL3_vyloucene
151304,CL3_vyloucene
151325,CL3_vyloucene
151327,CL3_vyloucene
151328,CL3_vyloucene
151337,CL3_vyloucene
151339,CL3_vyloucene
151366,CL3_vyloucene
151387,CL3_vyloucene
151428,CL3_vyloucene
151445,CL3_vyloucene
151459,CL3_vyloucene
151460,CL3_vyloucene
151472,CL3_vyloucene
151484,CL3_vyloucene
151486,CL3_vyloucene
151487,CL3_vyloucene
151497,CL3_vyloucene
151559,CL3_vyloucene
151570,CL3_vyloucene
151575,CL3_vyloucene
151643,CL3_vyloucene
15165,CL3_vyloucene
151656,CL3_vyloucene
15174,CL3_vyloucene
151796,CL3_vyloucene
151808,CL3_vyloucene
151810,CL3_vyloucene
151830,CL3_vyloucene
151844,CL3_vyloucene
151870,CL3_vyloucene
151930,CL3_vyloucene
151936,CL3_vyloucene
151964,CL3_vyloucene
151966,CL3_vyloucene
151968,CL3_vyloucene
151969,CL3_vyloucene
151974,CL3_vyloucene
151977,CL3_vyloucene
151980,CL3_vyloucene
151982,CL3_vyloucene
151983,CL3_vyloucene
151984,CL3_vyloucene
151996,CL3_vyloucene
152003,CL3_vyloucene
152006,CL3_vyloucene
15201,CL3_vyloucene
152015,CL3_vyloucene
152019,CL3_vyloucene
152125,CL3_vyloucene
152132,CL3_vyloucene
152144,CL3_vyloucene
152148,CL3_vyloucene
152181,CL3_vyloucene
152183,CL3_vyloucene
15250,CL3_vyloucene
153392,CL3_vyloucene
153396,CL3_vyloucene
15426,CL3_vyloucene
155012,CL3_vyloucene
155068,CL3_vyloucene
155122,CL3_vyloucene
155124,CL3_vyloucene
155127,CL3_vyloucene
155132,CL3_vyloucene
155142,CL3_vyloucene
155147,CL3_vyloucene
155153,CL3_vyloucene
155154,CL3_vyloucene
155155,CL3_vyloucene
155167,CL3_vyloucene
155188,CL3_vyloucene
155205,CL3_vyloucene
155235,CL3_vyloucene
155250,CL3_vyloucene
155262,CL3_vyloucene
155264,CL3_vyloucene
155272,CL3_vyloucene
155340,CL3_vyloucene
155409,CL3_vyloucene
155412,CL3_vyloucene
155414,CL3_vyloucene
155415,CL3_vyloucene
155416,CL3_vyloucene
155417,CL3_vyloucene
155422,CL3_vyloucene
155455,CL3_vyloucene
155466,CL3_vyloucene
155474,CL3_vyloucene
155481,CL3_vyloucene
155491,CL3_vyloucene
155495,CL3_vyloucene
155497,CL3_vyloucene
155621,CL3_vyloucene
155622,CL3_vyloucene
155625,CL3_vyloucene
155670,CL3_vyloucene
155671,CL3_vyloucene
155674,CL3_vyloucene
155682,CL3_vyloucene
155687,CL3_vyloucene
155689,CL3_vyloucene
155714,CL3_vyloucene
155716,CL3_vyloucene
155723,CL3_vyloucene
155726,CL3_vyloucene
155729,CL3_vyloucene
155775,CL3_vyloucene
155863,CL3_vyloucene
155866,CL3_vyloucene
155890,CL3_vyloucene
156008,CL3_vyloucene
156022,CL3_vyloucene
156044,CL3_vyloucene
15611,CL3_vyloucene
156254,CL3_vyloucene
156370,CL3_vyloucene
156384,CL3_vyloucene
156387,CL3_vyloucene
156392,CL3_vyloucene
156393,CL3_vyloucene
156395,CL3_vyloucene
156408,CL3_vyloucene
156451,CL3_vyloucene
156467,CL3_vyloucene
156536,CL3_vyloucene
156834,CL3_vyloucene
156836,CL3_vyloucene
156910,CL3_vyloucene
156912,CL3_vyloucene
156918,CL3_vyloucene
156923,CL3_vyloucene
156927,CL3_vyloucene
156936,CL3_vyloucene
156937,CL3_vyloucene
156940,CL3_vyloucene
156942,CL3_vyloucene
156946,CL3_vyloucene
156948,CL3_vyloucene
156950,CL3_vyloucene
156954,CL3_vyloucene
156979,CL3_vyloucene
156982,CL3_vyloucene
156996,CL3_vyloucene
157000,CL3_vyloucene
157019,CL3_vyloucene
157034,CL3_vyloucene
157036,CL3_vyloucene
157048,CL3_vyloucene
157062,CL3_vyloucene
157070,CL3_vyloucene
157128,CL3_vyloucene
157140,CL3_vyloucene
157144,CL3_vyloucene
157156,CL3_vyloucene
157157,CL3_vyloucene
157158,CL3_vyloucene
157159,CL3_vyloucene
157160,CL3_vyloucene
157165,CL3_vyloucene
15718,CL3_vyloucene
157202,CL3_vyloucene
157304,CL3_vyloucene
157321,CL3_vyloucene
157330,CL3_vyloucene
157334,CL3_vyloucene
157337,CL3_vyloucene
15741,CL3_vyloucene
15746,CL3_vyloucene
157809,CL3_vyloucene
157936,CL3_vyloucene
157937,CL3_vyloucene
157939,CL3_vyloucene
157963,CL3_vyloucene
157978,CL3_vyloucene
157979,CL3_vyloucene
157980,CL3_vyloucene
157981,CL3_vyloucene
157982,CL3_vyloucene
157983,CL3_vyloucene
157987,CL3_vyloucene
158048,CL3_vyloucene
158078,CL3_vyloucene
158079,CL3_vyloucene
158095,CL3_vyloucene
158128,CL3_vyloucene
158133,CL3_vyloucene
158181,CL3_vyloucene
158185,CL3_vyloucene
158187,CL3_vyloucene
158196,CL3_vyloucene
158197,CL3_vyloucene
158201,CL3_vyloucene
158202,CL3_vyloucene
158207,CL3_vyloucene
158217,CL3_vyloucene
158236,CL3_vyloucene
158245,CL3_vyloucene
158247,CL3_vyloucene
158299,CL3_vyloucene
158333,CL3_vyloucene
158344,CL3_vyloucene
158345,CL3_vyloucene
158369,CL3_vyloucene
158370,CL3_vyloucene
158371,CL3_vyloucene
158390,CL3_vyloucene
158562,CL3_vyloucene
15860,CL3_vyloucene
158601,CL3_vyloucene
158623,CL3_vyloucene
158641,CL3_vyloucene
158647,CL3_vyloucene
158650,CL3_vyloucene
158654,CL3_vyloucene
158658,CL3_vyloucene
158688,CL3_vyloucene
158700,CL3_vyloucene
158715,CL3_vyloucene
158717,CL3_vyloucene
158733,CL3_vyloucene
158735,CL3_vyloucene
158736,CL3_vyloucene
15877,CL3_vyloucene
158829,CL3_vyloucene
158830,CL3_vyloucene
158833,CL3_vyloucene
158850,CL3_vyloucene
158855,CL3_vyloucene
158867,CL3_vyloucene
158868,CL3_vyloucene
158874,CL3_vyloucene
158875,CL3_vyloucene
158886,CL3_vyloucene
158891,CL3_vyloucene
159003,CL3_vyloucene
159018,CL3_vyloucene
159025,CL3_vyloucene
159030,CL3_vyloucene
159040,CL3_vyloucene
159066,CL3_vyloucene
159067,CL3_vyloucene
159068,CL3_vyloucene
159074,CL3_vyloucene
159082,CL3_vyloucene
159087,CL3_vyloucene
159089,CL3_vyloucene
159196,CL3_vyloucene
159226,CL3_vyloucene
159227,CL3_vyloucene
159248,CL3_vyloucene
159249,CL3_vyloucene
159250,CL3_vyloucene
159253,CL3_vyloucene
159258,CL3_vyloucene
159259,CL3_vyloucene
159261,CL3_vyloucene
159268,CL3_vyloucene
159271,CL3_vyloucene
159272,CL3_vyloucene
159286,CL3_vyloucene
159314,CL3_vyloucene
159318,CL3_vyloucene
159325,CL3_vyloucene
159335,CL3_vyloucene
159366,CL3_vyloucene
159368,CL3_vyloucene
159370,CL3_vyloucene
159379,CL3_vyloucene
159385,CL3_vyloucene
159387,CL3_vyloucene
159398,CL3_vyloucene
159400,CL3_vyloucene
159415,CL3_vyloucene
159418,CL3_vyloucene
159529,CL3_vyloucene
159536,CL3_vyloucene
15957,CL3_vyloucene
159572,CL3_vyloucene
159592,CL3_vyloucene
159609,CL3_vyloucene
159617,CL3_vyloucene
159618,CL3_vyloucene
159619,CL3_vyloucene
159637,CL3_vyloucene
159642,CL3_vyloucene
159669,CL3_vyloucene
159761,CL3_vyloucene
159767,CL3_vyloucene
159770,CL3_vyloucene
15993,CL3_vyloucene
15999,CL3_vyloucene
159990,CL3_vyloucene
160044,CL3_vyloucene
160069,CL3_vyloucene
160072,CL3_vyloucene
160075,CL3_vyloucene
160076,CL3_vyloucene
160077,CL3_vyloucene
160079,CL3_vyloucene
160087,CL3_vyloucene
161121,CL3_vyloucene
161122,CL3_vyloucene
161124,CL3_vyloucene
161126,CL3_vyloucene
161129,CL3_vyloucene
161130,CL3_vyloucene
161140,CL3_vyloucene
161144,CL3_vyloucene
161154,CL3_vyloucene
161155,CL3_vyloucene
161159,CL3_vyloucene
161160,CL3_vyloucene
16117,CL3_vyloucene
161172,CL3_vyloucene
161173,CL3_vyloucene
161181,CL3_vyloucene
161193,CL3_vyloucene
161213,CL3_vyloucene
161217,CL3_vyloucene
161219,CL3_vyloucene
161331,CL3_vyloucene
161337,CL3_vyloucene
161338,CL3_vyloucene
161339,CL3_vyloucene
161344,CL3_vyloucene
161345,CL3_vyloucene
161346,CL3_vyloucene
161348,CL3_vyloucene
161349,CL3_vyloucene
161351,CL3_vyloucene
161353,CL3_vyloucene
161354,CL3_vyloucene
161355,CL3_vyloucene
161356,CL3_vyloucene
161357,CL3_vyloucene
161358,CL3_vyloucene
161360,CL3_vyloucene
161361,CL3_vyloucene
161362,CL3_vyloucene
161363,CL3_vyloucene
161364,CL3_vyloucene
161365,CL3_vyloucene
161366,CL3_vyloucene
161368,CL3_vyloucene
161369,CL3_vyloucene
161370,CL3_vyloucene
161371,CL3_vyloucene
161372,CL3_vyloucene
161375,CL3_vyloucene
161385,CL3_vyloucene
161387,CL3_vyloucene
161389,CL3_vyloucene
161391,CL3_vyloucene
161393,CL3_vyloucene
161397,CL3_vyloucene
161398,CL3_vyloucene
161399,CL3_vyloucene
161402,CL3_vyloucene
161403,CL3_vyloucene
161404,CL3_vyloucene
161405,CL3_vyloucene
161407,CL3_vyloucene
161409,CL3_vyloucene
161413,CL3_vyloucene
161414,CL3_vyloucene
161415,CL3_vyloucene
161416,CL3_vyloucene
161418,CL3_vyloucene
161424,CL3_vyloucene
161428,CL3_vyloucene
161431,CL3_vyloucene
161436,CL3_vyloucene
161438,CL3_vyloucene
161462,CL3_vyloucene
161498,CL3_vyloucene
161499,CL3_vyloucene
161565,CL3_vyloucene
161566,CL3_vyloucene
161568,CL3_vyloucene
161569,CL3_vyloucene
161570,CL3_vyloucene
161571,CL3_vyloucene
161573,CL3_vyloucene
161574,CL3_vyloucene
161575,CL3_vyloucene
161576,CL3_vyloucene
161579,CL3_vyloucene
161583,CL3_vyloucene
161584,CL3_vyloucene
161586,CL3_vyloucene
161590,CL3_vyloucene
161596,CL3_vyloucene
161614,CL3_vyloucene
161642,CL3_vyloucene
162104,CL3_vyloucene
162105,CL3_vyloucene
162110,CL3_vyloucene
162121,CL3_vyloucene
162140,CL3_vyloucene
162148,CL3_vyloucene
162149,CL3_vyloucene
162162,CL3_vyloucene
162167,CL3_vyloucene
162170,CL3_vyloucene
162199,CL3_vyloucene
162200,CL3_vyloucene
162202,CL3_vyloucene
162204,CL3_vyloucene
162222,CL3_vyloucene
162224,CL3_vyloucene
162228,CL3_vyloucene
162231,CL3_vyloucene
162233,CL3_vyloucene
162236,CL3_vyloucene
162238,CL3_vyloucene
162240,CL3_vyloucene
162241,CL3_vyloucene
162250,CL3_vyloucene
162260,CL3_vyloucene
162273,CL3_vyloucene
162297,CL3_vyloucene
162307,CL3_vyloucene
162311,CL3_vyloucene
162314,CL3_vyloucene
162318,CL3_vyloucene
162320,CL3_vyloucene
162321,CL3_vyloucene
162341,CL3_vyloucene
162383,CL3_vyloucene
162389,CL3_vyloucene
162404,CL3_vyloucene
162439,CL3_vyloucene
162460,CL3_vyloucene
162477,CL3_vyloucene
162479,CL3_vyloucene
162480,CL3_vyloucene
162483,CL3_vyloucene
162484,CL3_vyloucene
162486,CL3_vyloucene
162487,CL3_vyloucene
162488,CL3_vyloucene
162491,CL3_vyloucene
162540,CL3_vyloucene
162545,CL3_vyloucene
162546,CL3_vyloucene
162549,CL3_vyloucene
162552,CL3_vyloucene
162555,CL3_vyloucene
162557,CL3_vyloucene
162607,CL3_vyloucene
162637,CL3_vyloucene
162731,CL3_vyloucene
162744,CL3_vyloucene
162770,CL3_vyloucene
162789,CL3_vyloucene
162807,CL3_vyloucene
162815,CL3_vyloucene
162816,CL3_vyloucene
162839,CL3_vyloucene
162908,CL3_vyloucene
162914,CL3_vyloucene
162923,CL3_vyloucene
162931,CL3_vyloucene
162932,CL3_vyloucene
162936,CL3_vyloucene
162971,CL3_vyloucene
162981,CL3_vyloucene
163019,CL3_vyloucene
163023,CL3_vyloucene
163024,CL3_vyloucene
163028,CL3_vyloucene
163056,CL3_vyloucene
163093,CL3_vyloucene
163097,CL3_vyloucene
163121,CL3_vyloucene
163175,CL3_vyloucene
163195,CL3_vyloucene
163199,CL3_vyloucene
163200,CL3_vyloucene
163206,CL3_vyloucene
163208,CL3_vyloucene
163209,CL3_vyloucene
163230,CL3_vyloucene
163235,CL3_vyloucene
16348,CL3_vyloucene
163695,CL3_vyloucene
163745,CL3_vyloucene
163748,CL3_vyloucene
163768,CL3_vyloucene
163777,CL3_vyloucene
163809,CL3_vyloucene
163812,CL3_vyloucene
163814,CL3_vyloucene
163817,CL3_vyloucene
163820,CL3_vyloucene
163825,CL3_vyloucene
163835,CL3_vyloucene
163836,CL3_vyloucene
163851,CL3_vyloucene
163868,CL3_vyloucene
163870,CL3_vyloucene
163874,CL3_vyloucene
164036,CL3_vyloucene
164038,CL3_vyloucene
164041,CL3_vyloucene
164044,CL3_vyloucene
164049,CL3_vyloucene
164121,CL3_vyloucene
164123,CL3_vyloucene
164175,CL3_vyloucene
164190,CL3_vyloucene
164191,CL3_vyloucene
164194,CL3_vyloucene
164196,CL3_vyloucene
164199,CL3_vyloucene
164203,CL3_vyloucene
164204,CL3_vyloucene
164205,CL3_vyloucene
164206,CL3_vyloucene
164207,CL3_vyloucene
164210,CL3_vyloucene
164214,CL3_vyloucene
164217,CL3_vyloucene
164219,CL3_vyloucene
164225,CL3_vyloucene
164226,CL3_vyloucene
164264,CL3_vyloucene
164269,CL3_vyloucene
164270,CL3_vyloucene
164273,CL3_vyloucene
164275,CL3_vyloucene
164277,CL3_vyloucene
164283,CL3_vyloucene
164292,CL3_vyloucene
164293,CL3_vyloucene
164304,CL3_vyloucene
164306,CL3_vyloucene
164322,CL3_vyloucene
164324,CL3_vyloucene
164343,CL3_vyloucene
164350,CL3_vyloucene
164357,CL3_vyloucene
164360,CL3_vyloucene
164365,CL3_vyloucene
164377,CL3_vyloucene
164378,CL3_vyloucene
164379,CL3_vyloucene
164383,CL3_vyloucene
164386,CL3_vyloucene
164388,CL3_vyloucene
164393,CL3_vyloucene
164399,CL3_vyloucene
164423,CL3_vyloucene
164425,CL3_vyloucene
164431,CL3_vyloucene
164432,CL3_vyloucene
164435,CL3_vyloucene
164436,CL3_vyloucene
164444,CL3_vyloucene
164445,CL3_vyloucene
164448,CL3_vyloucene
164460,CL3_vyloucene
164483,CL3_vyloucene
164502,CL3_vyloucene
164517,CL3_vyloucene
164523,CL3_vyloucene
164525,CL3_vyloucene
164531,CL3_vyloucene
164534,CL3_vyloucene
164537,CL3_vyloucene
164540,CL3_vyloucene
164544,CL3_vyloucene
164545,CL3_vyloucene
164549,CL3_vyloucene
164563,CL3_vyloucene
164564,CL3_vyloucene
164567,CL3_vyloucene
164577,CL3_vyloucene
164580,CL3_vyloucene
164581,CL3_vyloucene
164595,CL3_vyloucene
164596,CL3_vyloucene
164598,CL3_vyloucene
164604,CL3_vyloucene
164608,CL3_vyloucene
164629,CL3_vyloucene
164643,CL3_vyloucene
164645,CL3_vyloucene
164648,CL3_vyloucene
164670,CL3_vyloucene
164672,CL3_vyloucene
164674,CL3_vyloucene
164680,CL3_vyloucene
164682,CL3_vyloucene
164689,CL3_vyloucene
164690,CL3_vyloucene
164696,CL3_vyloucene
164723,CL3_vyloucene
164725,CL3_vyloucene
164729,CL3_vyloucene
164733,CL3_vyloucene
164768,CL3_vyloucene
164770,CL3_vyloucene
164798,CL3_vyloucene
164800,CL3_vyloucene
164801,CL3_vyloucene
164805,CL3_vyloucene
164807,CL3_vyloucene
164809,CL3_vyloucene
164811,CL3_vyloucene
164815,CL3_vyloucene
164816,CL3_vyloucene
164819,CL3_vyloucene
164820,CL3_vyloucene
164826,CL3_vyloucene
164828,CL3_vyloucene
164830,CL3_vyloucene
164831,CL3_vyloucene
164833,CL3_vyloucene
164840,CL3_vyloucene
164870,CL3_vyloucene
164871,CL3_vyloucene
164888,CL3_vyloucene
164896,CL3_vyloucene
164897,CL3_vyloucene
164901,CL3_vyloucene
164902,CL3_vyloucene
164904,CL3_vyloucene
164905,CL3_vyloucene
164906,CL3_vyloucene
164908,CL3_vyloucene
164909,CL3_vyloucene
164911,CL3_vyloucene
164913,CL3_vyloucene
164920,CL3_vyloucene
164922,CL3_vyloucene
164923,CL3_vyloucene
164934,CL3_vyloucene
164935,CL3_vyloucene
165021,CL3_vyloucene
165022,CL3_vyloucene
165023,CL3_vyloucene
165024,CL3_vyloucene
165025,CL3_vyloucene
165026,CL3_vyloucene
165027,CL3_vyloucene
165029,CL3_vyloucene
165030,CL3_vyloucene
165032,CL3_vyloucene
165033,CL3_vyloucene
165035,CL3_vyloucene
165036,CL3_vyloucene
165037,CL3_vyloucene
165038,CL3_vyloucene
165039,CL3_vyloucene
165041,CL3_vyloucene
165105,CL3_vyloucene
165112,CL3_vyloucene
165117,CL3_vyloucene
165130,CL3_vyloucene
165146,CL3_vyloucene
165149,CL3_vyloucene
165150,CL3_vyloucene
165198,CL3_vyloucene
165210,CL3_vyloucene
165212,CL3_vyloucene
165214,CL3_vyloucene
165215,CL3_vyloucene
165280,CL3_vyloucene
165329,CL3_vyloucene
165330,CL3_vyloucene
165356,CL3_vyloucene
165369,CL3_vyloucene
165406,CL3_vyloucene
165441,CL3_vyloucene
165479,CL3_vyloucene
165480,CL3_vyloucene
165495,CL3_vyloucene
165496,CL3_vyloucene
165511,CL3_vyloucene
165518,CL3_vyloucene
165578,CL3_vyloucene
165579,CL3_vyloucene
165661,CL3_vyloucene
165662,CL3_vyloucene
165664,CL3_vyloucene
165665,CL3_vyloucene
165693,CL3_vyloucene
165708,CL3_vyloucene
165725,CL3_vyloucene
165746,CL3_vyloucene
165753,CL3_vyloucene
165758,CL3_vyloucene
165759,CL3_vyloucene
165778,CL3_vyloucene
165864,CL3_vyloucene
165872,CL3_vyloucene
165886,CL3_vyloucene
165888,CL3_vyloucene
165902,CL3_vyloucene
165904,CL3_vyloucene
165905,CL3_vyloucene
165906,CL3_vyloucene
165908,CL3_vyloucene
165966,CL3_vyloucene
165971,CL3_vyloucene
165972,CL3_vyloucene
166039,CL3_vyloucene
166050,CL3_vyloucene
166059,CL3_vyloucene
166060,CL3_vyloucene
166063,CL3_vyloucene
166064,CL3_vyloucene
166075,CL3_vyloucene
166160,CL3_vyloucene
166186,CL3_vyloucene
166196,CL3_vyloucene
166207,CL3_vyloucene
166208,CL3_vyloucene
166210,CL3_vyloucene
166216,CL3_vyloucene
166219,CL3_vyloucene
166242,CL3_vyloucene
166252,CL3_vyloucene
166256,CL3_vyloucene
166268,CL3_vyloucene
166272,CL3_vyloucene
166283,CL3_vyloucene
166343,CL3_vyloucene
166481,CL3_vyloucene
166497,CL3_vyloucene
166503,CL3_vyloucene
166504,CL3_vyloucene
166510,CL3_vyloucene
166517,CL3_vyloucene
166523,CL3_vyloucene
166524,CL3_vyloucene
166527,CL3_vyloucene
166529,CL3_vyloucene
166530,CL3_vyloucene
166541,CL3_vyloucene
166542,CL3_vyloucene
166544,CL3_vyloucene
166548,CL3_vyloucene
166549,CL3_vyloucene
166551,CL3_vyloucene
166661,CL3_vyloucene
166663,CL3_vyloucene
166667,CL3_vyloucene
166671,CL3_vyloucene
166672,CL3_vyloucene
166701,CL3_vyloucene
166704,CL3_vyloucene
166728,CL3_vyloucene
166733,CL3_vyloucene
166736,CL3_vyloucene
166757,CL3_vyloucene
166763,CL3_vyloucene
166768,CL3_vyloucene
166771,CL3_vyloucene
166772,CL3_vyloucene
166785,CL3_vyloucene
166797,CL3_vyloucene
166815,CL3_vyloucene
166856,CL3_vyloucene
166868,CL3_vyloucene
166912,CL3_vyloucene
166921,CL3_vyloucene
166924,CL3_vyloucene
166932,CL3_vyloucene
166947,CL3_vyloucene
166950,CL3_vyloucene
166994,CL3_vyloucene
167001,CL3_vyloucene
167011,CL3_vyloucene
167019,CL3_vyloucene
167021,CL3_vyloucene
167023,CL3_vyloucene
167025,CL3_vyloucene
167026,CL3_vyloucene
167036,CL3_vyloucene
167041,CL3_vyloucene
167042,CL3_vyloucene
167046,CL3_vyloucene
167159,CL3_vyloucene
167167,CL3_vyloucene
167169,CL3_vyloucene
167179,CL3_vyloucene
167183,CL3_vyloucene
167184,CL3_vyloucene
16720,CL3_vyloucene
167240,CL3_vyloucene
167257,CL3_vyloucene
167261,CL3_vyloucene
167263,CL3_vyloucene
167264,CL3_vyloucene
167284,CL3_vyloucene
167286,CL3_vyloucene
167295,CL3_vyloucene
167316,CL3_vyloucene
167318,CL3_vyloucene
167328,CL3_vyloucene
167352,CL3_vyloucene
167357,CL3_vyloucene
167360,CL3_vyloucene
167361,CL3_vyloucene
167364,CL3_vyloucene
167367,CL3_vyloucene
167403,CL3_vyloucene
167406,CL3_vyloucene
167410,CL3_vyloucene
167411,CL3_vyloucene
16766,CL3_vyloucene
16788,CL3_vyloucene
168010,CL3_vyloucene
168014,CL3_vyloucene
168035,CL3_vyloucene
168040,CL3_vyloucene
168042,CL3_vyloucene
168050,CL3_vyloucene
168052,CL3_vyloucene
168057,CL3_vyloucene
168080,CL3_vyloucene
168433,CL3_vyloucene
168514,CL3_vyloucene
168516,CL3_vyloucene
168522,CL3_vyloucene
168534,CL3_vyloucene
168541,CL3_vyloucene
168549,CL3_vyloucene
168554,CL3_vyloucene
168555,CL3_vyloucene
168556,CL3_vyloucene
168569,CL3_vyloucene
168570,CL3_vyloucene
168571,CL3_vyloucene
168572,CL3_vyloucene
168585,CL3_vyloucene
168587,CL3_vyloucene
168637,CL3_vyloucene
168647,CL3_vyloucene
168650,CL3_vyloucene
168672,CL3_vyloucene
168676,CL3_vyloucene
168782,CL3_vyloucene
168786,CL3_vyloucene
168798,CL3_vyloucene
1688,CL3_vyloucene
168823,CL3_vyloucene
168838,CL3_vyloucene
168841,CL3_vyloucene
168847,CL3_vyloucene
168855,CL3_vyloucene
168861,CL3_vyloucene
168862,CL3_vyloucene
168866,CL3_vyloucene
168867,CL3_vyloucene
168874,CL3_vyloucene
168878,CL3_vyloucene
168879,CL3_vyloucene
1689,CL3_vyloucene
168906,CL3_vyloucene
168909,CL3_vyloucene
168912,CL3_vyloucene
168916,CL3_vyloucene
168919,CL3_vyloucene
168923,CL3_vyloucene
168933,CL3_vyloucene
168980,CL3_vyloucene
168988,CL3_vyloucene
168990,CL3_vyloucene
168994,CL3_vyloucene
169002,CL3_vyloucene
169003,CL3_vyloucene
169004,CL3_vyloucene
169006,CL3_vyloucene
169011,CL3_vyloucene
169015,CL3_vyloucene
169016,CL3_vyloucene
169020,CL3_vyloucene
169024,CL3_vyloucene
16904,CL3_vyloucene
16905,CL3_vyloucene
169103,CL3_vyloucene
169106,CL3_vyloucene
16911,CL3_vyloucene
16916,CL3_vyloucene
169280,CL3_vyloucene
169284,CL3_vyloucene
169287,CL3_vyloucene
169289,CL3_vyloucene
169297,CL3_vyloucene
169300,CL3_vyloucene
169304,CL3_vyloucene
169306,CL3_vyloucene
169310,CL3_vyloucene
169311,CL3_vyloucene
169314,CL3_vyloucene
169355,CL3_vyloucene
169375,CL3_vyloucene
169424,CL3_vyloucene
169432,CL3_vyloucene
169447,CL3_vyloucene
169452,CL3_vyloucene
169485,CL3_vyloucene
169496,CL3_vyloucene
169498,CL3_vyloucene
169501,CL3_vyloucene
169505,CL3_vyloucene
169506,CL3_vyloucene
169507,CL3_vyloucene
169509,CL3_vyloucene
169558,CL3_vyloucene
169574,CL3_vyloucene
169575,CL3_vyloucene
169578,CL3_vyloucene
169579,CL3_vyloucene
169593,CL3_vyloucene
169594,CL3_vyloucene
169597,CL3_vyloucene
169608,CL3_vyloucene
169613,CL3_vyloucene
169621,CL3_vyloucene
169622,CL3_vyloucene
169650,CL3_vyloucene
169652,CL3_vyloucene
169676,CL3_vyloucene
169704,CL3_vyloucene
169727,CL3_vyloucene
169728,CL3_vyloucene
169746,CL3_vyloucene
169747,CL3_vyloucene
169756,CL3_vyloucene
169760,CL3_vyloucene
169793,CL3_vyloucene
169837,CL3_vyloucene
169838,CL3_vyloucene
169880,CL3_vyloucene
169886,CL3_vyloucene
169892,CL3_vyloucene
169896,CL3_vyloucene
169901,CL3_vyloucene
169902,CL3_vyloucene
169905,CL3_vyloucene
169924,CL3_vyloucene
169925,CL3_vyloucene
169930,CL3_vyloucene
169931,CL3_vyloucene
169941,CL3_vyloucene
169948,CL3_vyloucene
169953,CL3_vyloucene
169991,CL3_vyloucene
170009,CL3_vyloucene
170014,CL3_vyloucene
170016,CL3_vyloucene
170017,CL3_vyloucene
170018,CL3_vyloucene
170019,CL3_vyloucene
170024,CL3_vyloucene
170036,CL3_vyloucene
170038,CL3_vyloucene
170043,CL3_vyloucene
170044,CL3_vyloucene
170045,CL3_vyloucene
170107,CL3_vyloucene
170108,CL3_vyloucene
170112,CL3_vyloucene
170118,CL3_vyloucene
170120,CL3_vyloucene
170122,CL3_vyloucene
170126,CL3_vyloucene
170131,CL3_vyloucene
170133,CL3_vyloucene
170166,CL3_vyloucene
170186,CL3_vyloucene
170192,CL3_vyloucene
170200,CL3_vyloucene
170244,CL3_vyloucene
170246,CL3_vyloucene
170248,CL3_vyloucene
170254,CL3_vyloucene
170256,CL3_vyloucene
170265,CL3_vyloucene
170266,CL3_vyloucene
170290,CL3_vyloucene
170322,CL3_vyloucene
170325,CL3_vyloucene
170334,CL3_vyloucene
170339,CL3_vyloucene
170340,CL3_vyloucene
170343,CL3_vyloucene
170344,CL3_vyloucene
170349,CL3_vyloucene
170365,CL3_vyloucene
170366,CL3_vyloucene
170370,CL3_vyloucene
170378,CL3_vyloucene
170394,CL3_vyloucene
170408,CL3_vyloucene
170409,CL3_vyloucene
170411,CL3_vyloucene
170416,CL3_vyloucene
170418,CL3_vyloucene
170442,CL3_vyloucene
170453,CL3_vyloucene
170457,CL3_vyloucene
170463,CL3_vyloucene
170469,CL3_vyloucene
170471,CL3_vyloucene
170485,CL3_vyloucene
170540,CL3_vyloucene
170541,CL3_vyloucene
170544,CL3_vyloucene
170548,CL3_vyloucene
170552,CL3_vyloucene
170574,CL3_vyloucene
170577,CL3_vyloucene
170582,CL3_vyloucene
170586,CL3_vyloucene
170589,CL3_vyloucene
170593,CL3_vyloucene
170611,CL3_vyloucene
170648,CL3_vyloucene
170649,CL3_vyloucene
170650,CL3_vyloucene
170662,CL3_vyloucene
170671,CL3_vyloucene
170689,CL3_vyloucene
170697,CL3_vyloucene
170699,CL3_vyloucene
17073,CL3_vyloucene
170750,CL3_vyloucene
170768,CL3_vyloucene
170781,CL3_vyloucene
170784,CL3_vyloucene
170788,CL3_vyloucene
170814,CL3_vyloucene
170816,CL3_vyloucene
170820,CL3_vyloucene
170822,CL3_vyloucene
170823,CL3_vyloucene
170826,CL3_vyloucene
170829,CL3_vyloucene
170857,CL3_vyloucene
170866,CL3_vyloucene
170867,CL3_vyloucene
17087,CL3_vyloucene
170875,CL3_vyloucene
170883,CL3_vyloucene
170897,CL3_vyloucene
171009,CL3_vyloucene
171011,CL3_vyloucene
171012,CL3_vyloucene
171014,CL3_vyloucene
171135,CL3_vyloucene
171141,CL3_vyloucene
171173,CL3_vyloucene
171180,CL3_vyloucene
171244,CL3_vyloucene
171261,CL3_vyloucene
171268,CL3_vyloucene
171271,CL3_vyloucene
171287,CL3_vyloucene
171289,CL3_vyloucene
1713,CL3_vyloucene
17130,CL3_vyloucene
17131,CL3_vyloucene
171339,CL3_vyloucene
171340,CL3_vyloucene
171341,CL3_vyloucene
171346,CL3_vyloucene
171350,CL3_vyloucene
171352,CL3_vyloucene
171357,CL3_vyloucene
171358,CL3_vyloucene
171359,CL3_vyloucene
171360,CL3_vyloucene
171364,CL3_vyloucene
171373,CL3_vyloucene
171402,CL3_vyloucene
171403,CL3_vyloucene
171406,CL3_vyloucene
171408,CL3_vyloucene
171426,CL3_vyloucene
171428,CL3_vyloucene
171434,CL3_vyloucene
171439,CL3_vyloucene
171441,CL3_vyloucene
171477,CL3_vyloucene
171490,CL3_vyloucene
171531,CL3_vyloucene
171561,CL3_vyloucene
171570,CL3_vyloucene
17158,CL3_vyloucene
171605,CL3_vyloucene
171608,CL3_vyloucene
171609,CL3_vyloucene
171615,CL3_vyloucene
171620,CL3_vyloucene
171637,CL3_vyloucene
171641,CL3_vyloucene
171642,CL3_vyloucene
171662,CL3_vyloucene
171663,CL3_vyloucene
171678,CL3_vyloucene
171679,CL3_vyloucene
171680,CL3_vyloucene
171700,CL3_vyloucene
171705,CL3_vyloucene
171707,CL3_vyloucene
171708,CL3_vyloucene
171711,CL3_vyloucene
171712,CL3_vyloucene
171713,CL3_vyloucene
171714,CL3_vyloucene
171716,CL3_vyloucene
171717,CL3_vyloucene
171722,CL3_vyloucene
171727,CL3_vyloucene
17173,CL3_vyloucene
171732,CL3_vyloucene
171738,CL3_vyloucene
171739,CL3_vyloucene
171742,CL3_vyloucene
171743,CL3_vyloucene
171750,CL3_vyloucene
171753,CL3_vyloucene
171757,CL3_vyloucene
171761,CL3_vyloucene
171762,CL3_vyloucene
171763,CL3_vyloucene
171765,CL3_vyloucene
171768,CL3_vyloucene
171769,CL3_vyloucene
171771,CL3_vyloucene
171775,CL3_vyloucene
171776,CL3_vyloucene
171783,CL3_vyloucene
171785,CL3_vyloucene
171786,CL3_vyloucene
171788,CL3_vyloucene
171791,CL3_vyloucene
171866,CL3_vyloucene
171869,CL3_vyloucene
171875,CL3_vyloucene
171881,CL3_vyloucene
171883,CL3_vyloucene
171901,CL3_vyloucene
171923,CL3_vyloucene
171926,CL3_vyloucene
171928,CL3_vyloucene
171932,CL3_vyloucene
171933,CL3_vyloucene
171938,CL3_vyloucene
171957,CL3_vyloucene
171974,CL3_vyloucene
171977,CL3_vyloucene
172011,CL3_vyloucene
172050,CL3_vyloucene
172051,CL3_vyloucene
172053,CL3_vyloucene
172055,CL3_vyloucene
172066,CL3_vyloucene
172076,CL3_vyloucene
172077,CL3_vyloucene
172081,CL3_vyloucene
172084,CL3_vyloucene
172087,CL3_vyloucene
172089,CL3_vyloucene
172090,CL3_vyloucene
172093,CL3_vyloucene
172098,CL3_vyloucene
172105,CL3_vyloucene
172106,CL3_vyloucene
172107,CL3_vyloucene
172119,CL3_vyloucene
172124,CL3_vyloucene
172129,CL3_vyloucene
17228,CL3_vyloucene
17230,CL3_vyloucene
17253,CL3_vyloucene
17374,CL3_vyloucene
174367,CL3_vyloucene
174385,CL3_vyloucene
174387,CL3_vyloucene
174388,CL3_vyloucene
174390,CL3_vyloucene
174391,CL3_vyloucene
174392,CL3_vyloucene
174400,CL3_vyloucene
174403,CL3_vyloucene
174407,CL3_vyloucene
174410,CL3_vyloucene
174412,CL3_vyloucene
174436,CL3_vyloucene
174442,CL3_vyloucene
174446,CL3_vyloucene
174447,CL3_vyloucene
174449,CL3_vyloucene
174450,CL3_vyloucene
174460,CL3_vyloucene
174462,CL3_vyloucene
174464,CL3_vyloucene
174465,CL3_vyloucene
174483,CL3_vyloucene
174485,CL3_vyloucene
174511,CL3_vyloucene
174512,CL3_vyloucene
174515,CL3_vyloucene
174517,CL3_vyloucene
174523,CL3_vyloucene
174532,CL3_vyloucene
174533,CL3_vyloucene
174536,CL3_vyloucene
174546,CL3_vyloucene
174558,CL3_vyloucene
174561,CL3_vyloucene
174619,CL3_vyloucene
174620,CL3_vyloucene
174621,CL3_vyloucene
174623,CL3_vyloucene
174639,CL3_vyloucene
174642,CL3_vyloucene
174643,CL3_vyloucene
174647,CL3_vyloucene
174648,CL3_vyloucene
174649,CL3_vyloucene
174650,CL3_vyloucene
174651,CL3_vyloucene
17467,CL3_vyloucene
174743,CL3_vyloucene
174757,CL3_vyloucene
174778,CL3_vyloucene
174780,CL3_vyloucene
174784,CL3_vyloucene
174788,CL3_vyloucene
174793,CL3_vyloucene
174800,CL3_vyloucene
174804,CL3_vyloucene
174806,CL3_vyloucene
174812,CL3_vyloucene
174815,CL3_vyloucene
174817,CL3_vyloucene
174831,CL3_vyloucene
174832,CL3_vyloucene
174833,CL3_vyloucene
17550,CL3_vyloucene
175847,CL3_vyloucene
17694,CL3_vyloucene
1779,CL3_vyloucene
1782,CL3_vyloucene
178283,CL3_vyloucene
178288,CL3_vyloucene
178296,CL3_vyloucene
178313,CL3_vyloucene
178314,CL3_vyloucene
178350,CL3_vyloucene
178360,CL3_vyloucene
178361,CL3_vyloucene
178363,CL3_vyloucene
178366,CL3_vyloucene
178369,CL3_vyloucene
178370,CL3_vyloucene
178371,CL3_vyloucene
178372,CL3_vyloucene
178373,CL3_vyloucene
178374,CL3_vyloucene
178378,CL3_vyloucene
178381,CL3_vyloucene
178383,CL3_vyloucene
178386,CL3_vyloucene
178387,CL3_vyloucene
178390,CL3_vyloucene
178391,CL3_vyloucene
178392,CL3_vyloucene
178394,CL3_vyloucene
178400,CL3_vyloucene
178401,CL3_vyloucene
178404,CL3_vyloucene
178405,CL3_vyloucene
178406,CL3_vyloucene
178408,CL3_vyloucene
178413,CL3_vyloucene
178415,CL3_vyloucene
178421,CL3_vyloucene
178422,CL3_vyloucene
178431,CL3_vyloucene
178434,CL3_vyloucene
178452,CL3_vyloucene
17847,CL3_vyloucene
178504,CL3_vyloucene
178507,CL3_vyloucene
178513,CL3_vyloucene
178517,CL3_vyloucene
178534,CL3_vyloucene
178536,CL3_vyloucene
178538,CL3_vyloucene
178539,CL3_vyloucene
178540,CL3_vyloucene
178541,CL3_vyloucene
178544,CL3_vyloucene
178545,CL3_vyloucene
178546,CL3_vyloucene
178547,CL3_vyloucene
178548,CL3_vyloucene
178550,CL3_vyloucene
178551,CL3_vyloucene
178552,CL3_vyloucene
178553,CL3_vyloucene
178554,CL3_vyloucene
178555,CL3_vyloucene
178556,CL3_vyloucene
178557,CL3_vyloucene
178558,CL3_vyloucene
178590,CL3_vyloucene
178591,CL3_vyloucene
178594,CL3_vyloucene
178609,CL3_vyloucene
178610,CL3_vyloucene
178611,CL3_vyloucene
178613,CL3_vyloucene
178614,CL3_vyloucene
178616,CL3_vyloucene
178619,CL3_vyloucene
178620,CL3_vyloucene
178643,CL3_vyloucene
178647,CL3_vyloucene
178648,CL3_vyloucene
178649,CL3_vyloucene
178650,CL3_vyloucene
178665,CL3_vyloucene
178696,CL3_vyloucene
178697,CL3_vyloucene
178698,CL3_vyloucene
178699,CL3_vyloucene
178704,CL3_vyloucene
178707,CL3_vyloucene
178719,CL3_vyloucene
178727,CL3_vyloucene
178729,CL3_vyloucene
178730,CL3_vyloucene
178734,CL3_vyloucene
178751,CL3_vyloucene
178754,CL3_vyloucene
178769,CL3_vyloucene
178770,CL3_vyloucene
178777,CL3_vyloucene
178783,CL3_vyloucene
178787,CL3_vyloucene
178788,CL3_vyloucene
178792,CL3_vyloucene
178795,CL3_vyloucene
178798,CL3_vyloucene
178799,CL3_vyloucene
178802,CL3_vyloucene
178803,CL3_vyloucene
178813,CL3_vyloucene
178823,CL3_vyloucene
178834,CL3_vyloucene
178835,CL3_vyloucene
178838,CL3_vyloucene
178842,CL3_vyloucene
178843,CL3_vyloucene
178852,CL3_vyloucene
17886,CL3_vyloucene
178860,CL3_vyloucene
178868,CL3_vyloucene
178885,CL3_vyloucene
178886,CL3_vyloucene
178887,CL3_vyloucene
178890,CL3_vyloucene
178895,CL3_vyloucene
178896,CL3_vyloucene
178899,CL3_vyloucene
178900,CL3_vyloucene
178907,CL3_vyloucene
178910,CL3_vyloucene
17898,CL3_vyloucene
179007,CL3_vyloucene
1793,CL3_vyloucene
17934,CL3_vyloucene
179549,CL3_vyloucene
179551,CL3_vyloucene
179552,CL3_vyloucene
179554,CL3_vyloucene
1796,CL3_vyloucene
17963,CL3_vyloucene
1797,CL3_vyloucene
179937,CL3_vyloucene
179938,CL3_vyloucene
179939,CL3_vyloucene
179940,CL3_vyloucene
179941,CL3_vyloucene
179946,CL3_vyloucene
179947,CL3_vyloucene
179951,CL3_vyloucene
179952,CL3_vyloucene
179961,CL3_vyloucene
179965,CL3_vyloucene
179966,CL3_vyloucene
179967,CL3_vyloucene
179968,CL3_vyloucene
179971,CL3_vyloucene
179974,CL3_vyloucene
179975,CL3_vyloucene
179976,CL3_vyloucene
179978,CL3_vyloucene
179979,CL3_vyloucene
179981,CL3_vyloucene
179982,CL3_vyloucene
179985,CL3_vyloucene
179986,CL3_vyloucene
179987,CL3_vyloucene
179989,CL3_vyloucene
180000,CL3_vyloucene
180009,CL3_vyloucene
180013,CL3_vyloucene
180014,CL3_vyloucene
180019,CL3_vyloucene
180028,CL3_vyloucene
180055,CL3_vyloucene
180058,CL3_vyloucene
180061,CL3_vyloucene
180065,CL3_vyloucene
180066,CL3_vyloucene
180068,CL3_vyloucene
180071,CL3_vyloucene
180074,CL3_vyloucene
180075,CL3_vyloucene
180076,CL3_vyloucene
180079,CL3_vyloucene
180082,CL3_vyloucene
180083,CL3_vyloucene
180084,CL3_vyloucene
180086,CL3_vyloucene
180087,CL3_vyloucene
180088,CL3_vyloucene
180095,CL3_vyloucene
180098,CL3_vyloucene
180115,CL3_vyloucene
180118,CL3_vyloucene
180122,CL3_vyloucene
180126,CL3_vyloucene
180129,CL3_vyloucene
180130,CL3_vyloucene
180131,CL3_vyloucene
180132,CL3_vyloucene
180139,CL3_vyloucene
180145,CL3_vyloucene
180153,CL3_vyloucene
180155,CL3_vyloucene
180159,CL3_vyloucene
180161,CL3_vyloucene
180174,CL3_vyloucene
180214,CL3_vyloucene
180216,CL3_vyloucene
180220,CL3_vyloucene
180225,CL3_vyloucene
180264,CL3_vyloucene
180266,CL3_vyloucene
180267,CL3_vyloucene
180269,CL3_vyloucene
180270,CL3_vyloucene
180271,CL3_vyloucene
180272,CL3_vyloucene
180280,CL3_vyloucene
180281,CL3_vyloucene
180291,CL3_vyloucene
180297,CL3_vyloucene
180298,CL3_vyloucene
180322,CL3_vyloucene
180324,CL3_vyloucene
180325,CL3_vyloucene
180326,CL3_vyloucene
180330,CL3_vyloucene
180331,CL3_vyloucene
180333,CL3_vyloucene
180334,CL3_vyloucene
180339,CL3_vyloucene
180341,CL3_vyloucene
180344,CL3_vyloucene
180346,CL3_vyloucene
180351,CL3_vyloucene
180352,CL3_vyloucene
180353,CL3_vyloucene
180354,CL3_vyloucene
180358,CL3_vyloucene
180359,CL3_vyloucene
180364,CL3_vyloucene
180367,CL3_vyloucene
180377,CL3_vyloucene
180380,CL3_vyloucene
180382,CL3_vyloucene
180383,CL3_vyloucene
180389,CL3_vyloucene
180390,CL3_vyloucene
180397,CL3_vyloucene
180398,CL3_vyloucene
180411,CL3_vyloucene
180415,CL3_vyloucene
180416,CL3_vyloucene
180425,CL3_vyloucene
180427,CL3_vyloucene
180428,CL3_vyloucene
180429,CL3_vyloucene
180432,CL3_vyloucene
180440,CL3_vyloucene
180446,CL3_vyloucene
180490,CL3_vyloucene
180552,CL3_vyloucene
180561,CL3_vyloucene
180562,CL3_vyloucene
180566,CL3_vyloucene
180569,CL3_vyloucene
180570,CL3_vyloucene
1806,CL3_vyloucene
180646,CL3_vyloucene
180648,CL3_vyloucene
180649,CL3_vyloucene
180651,CL3_vyloucene
180652,CL3_vyloucene
180658,CL3_vyloucene
180659,CL3_vyloucene
180661,CL3_vyloucene
180664,CL3_vyloucene
180669,CL3_vyloucene
180670,CL3_vyloucene
180672,CL3_vyloucene
180676,CL3_vyloucene
180677,CL3_vyloucene
180679,CL3_vyloucene
180680,CL3_vyloucene
180683,CL3_vyloucene
180684,CL3_vyloucene
180685,CL3_vyloucene
180686,CL3_vyloucene
180688,CL3_vyloucene
180689,CL3_vyloucene
180691,CL3_vyloucene
180694,CL3_vyloucene
180697,CL3_vyloucene
180712,CL3_vyloucene
180716,CL3_vyloucene
180717,CL3_vyloucene
180718,CL3_vyloucene
180719,CL3_vyloucene
180720,CL3_vyloucene
180722,CL3_vyloucene
180725,CL3_vyloucene
180729,CL3_vyloucene
180737,CL3_vyloucene
180746,CL3_vyloucene
180750,CL3_vyloucene
180754,CL3_vyloucene
180758,CL3_vyloucene
180759,CL3_vyloucene
180760,CL3_vyloucene
180761,CL3_vyloucene
180762,CL3_vyloucene
180765,CL3_vyloucene
180766,CL3_vyloucene
180776,CL3_vyloucene
180778,CL3_vyloucene
180781,CL3_vyloucene
180782,CL3_vyloucene
180783,CL3_vyloucene
180784,CL3_vyloucene
180786,CL3_vyloucene
180827,CL3_vyloucene
180832,CL3_vyloucene
180839,CL3_vyloucene
180844,CL3_vyloucene
180850,CL3_vyloucene
180852,CL3_vyloucene
180853,CL3_vyloucene
180854,CL3_vyloucene
180856,CL3_vyloucene
180857,CL3_vyloucene
180858,CL3_vyloucene
180859,CL3_vyloucene
180862,CL3_vyloucene
180863,CL3_vyloucene
180883,CL3_vyloucene
180885,CL3_vyloucene
180886,CL3_vyloucene
180887,CL3_vyloucene
180891,CL3_vyloucene
180892,CL3_vyloucene
180893,CL3_vyloucene
180894,CL3_vyloucene
180904,CL3_vyloucene
180909,CL3_vyloucene
180924,CL3_vyloucene
180927,CL3_vyloucene
180928,CL3_vyloucene
180931,CL3_vyloucene
180932,CL3_vyloucene
180933,CL3_vyloucene
180934,CL3_vyloucene
180935,CL3_vyloucene
180936,CL3_vyloucene
180938,CL3_vyloucene
180939,CL3_vyloucene
180940,CL3_vyloucene
180941,CL3_vyloucene
180945,CL3_vyloucene
180946,CL3_vyloucene
180949,CL3_vyloucene
180995,CL3_vyloucene
180998,CL3_vyloucene
181001,CL3_vyloucene
181004,CL3_vyloucene
181011,CL3_vyloucene
181016,CL3_vyloucene
181017,CL3_vyloucene
181018,CL3_vyloucene
181020,CL3_vyloucene
181021,CL3_vyloucene
181022,CL3_vyloucene
181023,CL3_vyloucene
181026,CL3_vyloucene
181038,CL3_vyloucene
181039,CL3_vyloucene
181041,CL3_vyloucene
181043,CL3_vyloucene
181044,CL3_vyloucene
181045,CL3_vyloucene
181068,CL3_vyloucene
181069,CL3_vyloucene
181169,CL3_vyloucene
181183,CL3_vyloucene
181184,CL3_vyloucene
181185,CL3_vyloucene
181188,CL3_vyloucene
181190,CL3_vyloucene
181192,CL3_vyloucene
181194,CL3_vyloucene
181197,CL3_vyloucene
181198,CL3_vyloucene
181255,CL3_vyloucene
181287,CL3_vyloucene
181288,CL3_vyloucene
181289,CL3_vyloucene
181293,CL3_vyloucene
181294,CL3_vyloucene
181295,CL3_vyloucene
181296,CL3_vyloucene
181372,CL3_vyloucene
181374,CL3_vyloucene
18138,CL3_vyloucene
181401,CL3_vyloucene
181402,CL3_vyloucene
181414,CL3_vyloucene
181422,CL3_vyloucene
181425,CL3_vyloucene
181430,CL3_vyloucene
181431,CL3_vyloucene
181433,CL3_vyloucene
181434,CL3_vyloucene
181435,CL3_vyloucene
181437,CL3_vyloucene
181438,CL3_vyloucene
181448,CL3_vyloucene
181449,CL3_vyloucene
181472,CL3_vyloucene
181474,CL3_vyloucene
181496,CL3_vyloucene
181523,CL3_vyloucene
181524,CL3_vyloucene
181529,CL3_vyloucene
181540,CL3_vyloucene
181545,CL3_vyloucene
181547,CL3_vyloucene
181548,CL3_vyloucene
181554,CL3_vyloucene
181555,CL3_vyloucene
181556,CL3_vyloucene
181557,CL3_vyloucene
181560,CL3_vyloucene
181564,CL3_vyloucene
181569,CL3_vyloucene
18157,CL3_vyloucene
181570,CL3_vyloucene
181571,CL3_vyloucene
181573,CL3_vyloucene
181576,CL3_vyloucene
181577,CL3_vyloucene
181578,CL3_vyloucene
181579,CL3_vyloucene
181580,CL3_vyloucene
181581,CL3_vyloucene
181582,CL3_vyloucene
181583,CL3_vyloucene
181584,CL3_vyloucene
181585,CL3_vyloucene
181588,CL3_vyloucene
181589,CL3_vyloucene
181593,CL3_vyloucene
181603,CL3_vyloucene
181605,CL3_vyloucene
18162,CL3_vyloucene
181668,CL3_vyloucene
181670,CL3_vyloucene
181671,CL3_vyloucene
181672,CL3_vyloucene
181674,CL3_vyloucene
181675,CL3_vyloucene
181676,CL3_vyloucene
181677,CL3_vyloucene
181678,CL3_vyloucene
181679,CL3_vyloucene
181680,CL3_vyloucene
181681,CL3_vyloucene
181682,CL3_vyloucene
181683,CL3_vyloucene
181684,CL3_vyloucene
181685,CL3_vyloucene
181686,CL3_vyloucene
181687,CL3_vyloucene
181696,CL3_vyloucene
181697,CL3_vyloucene
181699,CL3_vyloucene
181700,CL3_vyloucene
181701,CL3_vyloucene
181702,CL3_vyloucene
181703,CL3_vyloucene
181704,CL3_vyloucene
181755,CL3_vyloucene
181763,CL3_vyloucene
181766,CL3_vyloucene
181769,CL3_vyloucene
181773,CL3_vyloucene
181786,CL3_vyloucene
181791,CL3_vyloucene
181796,CL3_vyloucene
181797,CL3_vyloucene
181800,CL3_vyloucene
181829,CL3_vyloucene
181830,CL3_vyloucene
181837,CL3_vyloucene
181840,CL3_vyloucene
181841,CL3_vyloucene
181844,CL3_vyloucene
181845,CL3_vyloucene
181848,CL3_vyloucene
181853,CL3_vyloucene
181866,CL3_vyloucene
181880,CL3_vyloucene
181883,CL3_vyloucene
181889,CL3_vyloucene
181891,CL3_vyloucene
181894,CL3_vyloucene
181896,CL3_vyloucene
181897,CL3_vyloucene
181898,CL3_vyloucene
181899,CL3_vyloucene
181906,CL3_vyloucene
181910,CL3_vyloucene
181912,CL3_vyloucene
181913,CL3_vyloucene
181915,CL3_vyloucene
181917,CL3_vyloucene
181919,CL3_vyloucene
18192,CL3_vyloucene
181920,CL3_vyloucene
181921,CL3_vyloucene
181922,CL3_vyloucene
181924,CL3_vyloucene
181925,CL3_vyloucene
181926,CL3_vyloucene
181928,CL3_vyloucene
181931,CL3_vyloucene
181948,CL3_vyloucene
181979,CL3_vyloucene
18198,CL3_vyloucene
181982,CL3_vyloucene
181986,CL3_vyloucene
181988,CL3_vyloucene
181993,CL3_vyloucene
18201,CL3_vyloucene
182011,CL3_vyloucene
182015,CL3_vyloucene
182017,CL3_vyloucene
182018,CL3_vyloucene
182020,CL3_vyloucene
182024,CL3_vyloucene
182025,CL3_vyloucene
182029,CL3_vyloucene
182030,CL3_vyloucene
182032,CL3_vyloucene
182045,CL3_vyloucene
182048,CL3_vyloucene
182087,CL3_vyloucene
182093,CL3_vyloucene
182095,CL3_vyloucene
182097,CL3_vyloucene
182502,CL3_vyloucene
182507,CL3_vyloucene
182509,CL3_vyloucene
182511,CL3_vyloucene
182513,CL3_vyloucene
18350,CL3_vyloucene
184419,CL3_vyloucene
1848,CL3_vyloucene
18481,CL3_vyloucene
18533,CL3_vyloucene
185530,CL3_vyloucene
185537,CL3_vyloucene
185552,CL3_vyloucene
185555,CL3_vyloucene
185556,CL3_vyloucene
185561,CL3_vyloucene
185562,CL3_vyloucene
185563,CL3_vyloucene
185564,CL3_vyloucene
185569,CL3_vyloucene
185570,CL3_vyloucene
185571,CL3_vyloucene
185572,CL3_vyloucene
185574,CL3_vyloucene
185579,CL3_vyloucene
185581,CL3_vyloucene
185582,CL3_vyloucene
185603,CL3_vyloucene
185610,CL3_vyloucene
185612,CL3_vyloucene
185615,CL3_vyloucene
185617,CL3_vyloucene
185624,CL3_vyloucene
185625,CL3_vyloucene
185627,CL3_vyloucene
185632,CL3_vyloucene
185635,CL3_vyloucene
185636,CL3_vyloucene
185641,CL3_vyloucene
185642,CL3_vyloucene
185645,CL3_vyloucene
185647,CL3_vyloucene
185648,CL3_vyloucene
185652,CL3_vyloucene
185653,CL3_vyloucene
185662,CL3_vyloucene
185667,CL3_vyloucene
185670,CL3_vyloucene
185674,CL3_vyloucene
185678,CL3_vyloucene
185680,CL3_vyloucene
185681,CL3_vyloucene
185682,CL3_vyloucene
185686,CL3_vyloucene
185691,CL3_vyloucene
185701,CL3_vyloucene
185713,CL3_vyloucene
185714,CL3_vyloucene
185717,CL3_vyloucene
185719,CL3_vyloucene
185723,CL3_vyloucene
185724,CL3_vyloucene
185727,CL3_vyloucene
185731,CL3_vyloucene
185736,CL3_vyloucene
185737,CL3_vyloucene
185739,CL3_vyloucene
185740,CL3_vyloucene
185743,CL3_vyloucene
185746,CL3_vyloucene
185747,CL3_vyloucene
185749,CL3_vyloucene
185755,CL3_vyloucene
185756,CL3_vyloucene
185757,CL3_vyloucene
185765,CL3_vyloucene
185777,CL3_vyloucene
185779,CL3_vyloucene
185795,CL3_vyloucene
185796,CL3_vyloucene
185797,CL3_vyloucene
185805,CL3_vyloucene
185807,CL3_vyloucene
185809,CL3_vyloucene
185814,CL3_vyloucene
185833,CL3_vyloucene
185834,CL3_vyloucene
185835,CL3_vyloucene
185838,CL3_vyloucene
185845,CL3_vyloucene
185852,CL3_vyloucene
185857,CL3_vyloucene
185861,CL3_vyloucene
185862,CL3_vyloucene
185863,CL3_vyloucene
185864,CL3_vyloucene
185868,CL3_vyloucene
185870,CL3_vyloucene
185877,CL3_vyloucene
185879,CL3_vyloucene
185883,CL3_vyloucene
185884,CL3_vyloucene
185893,CL3_vyloucene
185894,CL3_vyloucene
185895,CL3_vyloucene
185896,CL3_vyloucene
185899,CL3_vyloucene
185900,CL3_vyloucene
185909,CL3_vyloucene
185911,CL3_vyloucene
185913,CL3_vyloucene
185916,CL3_vyloucene
185919,CL3_vyloucene
185920,CL3_vyloucene
185921,CL3_vyloucene
185923,CL3_vyloucene
185929,CL3_vyloucene
185932,CL3_vyloucene
185933,CL3_vyloucene
185938,CL3_vyloucene
18594,CL3_vyloucene
185942,CL3_vyloucene
185944,CL3_vyloucene
185945,CL3_vyloucene
185948,CL3_vyloucene
185949,CL3_vyloucene
185955,CL3_vyloucene
185963,CL3_vyloucene
185964,CL3_vyloucene
185965,CL3_vyloucene
185978,CL3_vyloucene
186002,CL3_vyloucene
186003,CL3_vyloucene
186006,CL3_vyloucene
186007,CL3_vyloucene
186009,CL3_vyloucene
186012,CL3_vyloucene
186019,CL3_vyloucene
186020,CL3_vyloucene
186028,CL3_vyloucene
186029,CL3_vyloucene
186030,CL3_vyloucene
186032,CL3_vyloucene
186033,CL3_vyloucene
186037,CL3_vyloucene
186038,CL3_vyloucene
186039,CL3_vyloucene
186041,CL3_vyloucene
186042,CL3_vyloucene
186043,CL3_vyloucene
186049,CL3_vyloucene
186055,CL3_vyloucene
186062,CL3_vyloucene
186064,CL3_vyloucene
186067,CL3_vyloucene
186069,CL3_vyloucene
186070,CL3_vyloucene
186093,CL3_vyloucene
186095,CL3_vyloucene
186098,CL3_vyloucene
186099,CL3_vyloucene
186100,CL3_vyloucene
186101,CL3_vyloucene
186102,CL3_vyloucene
186104,CL3_vyloucene
186107,CL3_vyloucene
186108,CL3_vyloucene
186110,CL3_vyloucene
186112,CL3_vyloucene
186113,CL3_vyloucene
186114,CL3_vyloucene
186118,CL3_vyloucene
186119,CL3_vyloucene
186120,CL3_vyloucene
186127,CL3_vyloucene
186129,CL3_vyloucene
186131,CL3_vyloucene
186134,CL3_vyloucene
186135,CL3_vyloucene
186137,CL3_vyloucene
186138,CL3_vyloucene
186142,CL3_vyloucene
186143,CL3_vyloucene
186144,CL3_vyloucene
186145,CL3_vyloucene
186146,CL3_vyloucene
186147,CL3_vyloucene
186148,CL3_vyloucene
186186,CL3_vyloucene
186190,CL3_vyloucene
186193,CL3_vyloucene
186196,CL3_vyloucene
186198,CL3_vyloucene
186199,CL3_vyloucene
186200,CL3_vyloucene
186202,CL3_vyloucene
186209,CL3_vyloucene
186462,CL3_vyloucene
186500,CL3_vyloucene
186527,CL3_vyloucene
186529,CL3_vyloucene
186530,CL3_vyloucene
186531,CL3_vyloucene
186532,CL3_vyloucene
186534,CL3_vyloucene
186537,CL3_vyloucene
186538,CL3_vyloucene
186540,CL3_vyloucene
186545,CL3_vyloucene
186549,CL3_vyloucene
186550,CL3_vyloucene
186553,CL3_vyloucene
186557,CL3_vyloucene
186560,CL3_vyloucene
186565,CL3_vyloucene
186572,CL3_vyloucene
186591,CL3_vyloucene
186594,CL3_vyloucene
186597,CL3_vyloucene
186598,CL3_vyloucene
186599,CL3_vyloucene
186610,CL3_vyloucene
186611,CL3_vyloucene
186613,CL3_vyloucene
186617,CL3_vyloucene
186626,CL3_vyloucene
186627,CL3_vyloucene
186628,CL3_vyloucene
186638,CL3_vyloucene
186643,CL3_vyloucene
186652,CL3_vyloucene
186666,CL3_vyloucene
186671,CL3_vyloucene
186673,CL3_vyloucene
186674,CL3_vyloucene
186679,CL3_vyloucene
186682,CL3_vyloucene
186705,CL3_vyloucene
186710,CL3_vyloucene
186734,CL3_vyloucene
186738,CL3_vyloucene
186746,CL3_vyloucene
186747,CL3_vyloucene
186753,CL3_vyloucene
186754,CL3_vyloucene
186755,CL3_vyloucene
186757,CL3_vyloucene
186758,CL3_vyloucene
186760,CL3_vyloucene
186761,CL3_vyloucene
186763,CL3_vyloucene
186767,CL3_vyloucene
186768,CL3_vyloucene
186769,CL3_vyloucene
186770,CL3_vyloucene
186771,CL3_vyloucene
186772,CL3_vyloucene
186773,CL3_vyloucene
186776,CL3_vyloucene
186777,CL3_vyloucene
186779,CL3_vyloucene
186781,CL3_vyloucene
186784,CL3_vyloucene
186786,CL3_vyloucene
186789,CL3_vyloucene
186806,CL3_vyloucene
186809,CL3_vyloucene
186812,CL3_vyloucene
186814,CL3_vyloucene
186818,CL3_vyloucene
186828,CL3_vyloucene
186829,CL3_vyloucene
186840,CL3_vyloucene
186841,CL3_vyloucene
186844,CL3_vyloucene
186909,CL3_vyloucene
186910,CL3_vyloucene
186916,CL3_vyloucene
186923,CL3_vyloucene
186950,CL3_vyloucene
186951,CL3_vyloucene
186952,CL3_vyloucene
186953,CL3_vyloucene
186960,CL3_vyloucene
186961,CL3_vyloucene
186963,CL3_vyloucene
186965,CL3_vyloucene
186971,CL3_vyloucene
186972,CL3_vyloucene
186992,CL3_vyloucene
186994,CL3_vyloucene
187009,CL3_vyloucene
187031,CL3_vyloucene
187057,CL3_vyloucene
187119,CL3_vyloucene
187122,CL3_vyloucene
187126,CL3_vyloucene
187127,CL3_vyloucene
187154,CL3_vyloucene
187172,CL3_vyloucene
187175,CL3_vyloucene
187186,CL3_vyloucene
187189,CL3_vyloucene
187308,CL3_vyloucene
187334,CL3_vyloucene
187338,CL3_vyloucene
187339,CL3_vyloucene
187341,CL3_vyloucene
187342,CL3_vyloucene
187390,CL3_vyloucene
187399,CL3_vyloucene
187415,CL3_vyloucene
18756,CL3_vyloucene
18930,CL3_vyloucene
18932,CL3_vyloucene
18934,CL3_vyloucene
18935,CL3_vyloucene
18936,CL3_vyloucene
189501,CL3_vyloucene
18954,CL3_vyloucene
189570,CL3_vyloucene
189669,CL3_vyloucene
189713,CL3_vyloucene
189847,CL3_vyloucene
189855,CL3_vyloucene
190109,CL3_vyloucene
190350,CL3_vyloucene
190442,CL3_vyloucene
190930,CL3_vyloucene
190965,CL3_vyloucene
190970,CL3_vyloucene
190971,CL3_vyloucene
191398,CL3_vyloucene
192104,CL3_vyloucene
192106,CL3_vyloucene
19218,CL3_vyloucene
19222,CL3_vyloucene
19291,CL3_vyloucene
19329,CL3_vyloucene
19330,CL3_vyloucene
19345,CL3_vyloucene
19393,CL3_vyloucene
19403,CL3_vyloucene
1941,CL3_vyloucene
1943,CL3_vyloucene
1956,CL3_vyloucene
19595,CL3_vyloucene
19623,CL3_vyloucene
19696,CL3_vyloucene
19697,CL3_vyloucene
197804,CL3_vyloucene
197819,CL3_vyloucene
197820,CL3_vyloucene
197825,CL3_vyloucene
197827,CL3_vyloucene
197829,CL3_vyloucene
19806,CL3_vyloucene
19812,CL3_vyloucene
19814,CL3_vyloucene
19818,CL3_vyloucene
198208,CL3_vyloucene
19828,CL3_vyloucene
19832,CL3_vyloucene
198573,CL3_vyloucene
198764,CL3_vyloucene
199030,CL3_vyloucene
199166,CL3_vyloucene
199295,CL3_vyloucene
199326,CL3_vyloucene
199666,CL3_vyloucene
199669,CL3_vyloucene
19976,CL3_vyloucene
19977,CL3_vyloucene
19984,CL3_vyloucene
199863,CL3_vyloucene
199869,CL3_vyloucene
199879,CL3_vyloucene
199888,CL3_vyloucene
20000,CL3_vyloucene
200083,CL3_vyloucene
200087,CL3_vyloucene
200101,CL3_vyloucene
20023,CL3_vyloucene
200259,CL3_vyloucene
200387,CL3_vyloucene
200389,CL3_vyloucene
20078,CL3_vyloucene
201051,CL3_vyloucene
201054,CL3_vyloucene
201268,CL3_vyloucene
20226,CL3_vyloucene
20257,CL3_vyloucene
20310,CL3_vyloucene
20330,CL3_vyloucene
20424,CL3_vyloucene
20425,CL3_vyloucene
20426,CL3_vyloucene
20428,CL3_vyloucene
2050,CL3_vyloucene
20595,CL3_vyloucene
20903,CL3_vyloucene
20931,CL3_vyloucene
21121,CL3_vyloucene
21215,CL3_vyloucene
2132,CL3_vyloucene
21397,CL3_vyloucene
21520,CL3_vyloucene
21676,CL3_vyloucene
21758,CL3_vyloucene
21761,CL3_vyloucene
21799,CL3_vyloucene
21834,CL3_vyloucene
21898,CL3_vyloucene
21991,CL3_vyloucene
22138,CL3_vyloucene
22145,CL3_vyloucene
22322,CL3_vyloucene
22336,CL3_vyloucene
22426,CL3_vyloucene
22638,CL3_vyloucene
22670,CL3_vyloucene
22689,CL3_vyloucene
22909,CL3_vyloucene
2337,CL3_vyloucene
2340,CL3_vyloucene
2344,CL3_vyloucene
2354,CL3_vyloucene
23598,CL3_vyloucene
23647,CL3_vyloucene
23681,CL3_vyloucene
23696,CL3_vyloucene
23792,CL3_vyloucene
2402,CL3_vyloucene
24028,CL3_vyloucene
24087,CL3_vyloucene
24212,CL3_vyloucene
24293,CL3_vyloucene
24365a,CL3_vyloucene
24411,CL3_vyloucene
24478,CL3_vyloucene
24484,CL3_vyloucene
24485,CL3_vyloucene
24531,CL3_vyloucene
24538,CL3_vyloucene
24552,CL3_vyloucene
24756,CL3_vyloucene
24792,CL3_vyloucene
25006,CL3_vyloucene
25008,CL3_vyloucene
25035,CL3_vyloucene
2519,CL3_vyloucene
25316,CL3_vyloucene
25464,CL3_vyloucene
25483,CL3_vyloucene
25766,CL3_vyloucene
25826,CL3_vyloucene
25849,CL3_vyloucene
25850a,CL3_vyloucene
25853a,CL3_vyloucene
25856,CL3_vyloucene
25863,CL3_vyloucene
25935,CL3_vyloucene
259460,CL3_vyloucene
26061,CL3_vyloucene
26089,CL3_vyloucene
26098,CL3_vyloucene
26115,CL3_vyloucene
26142,CL3_vyloucene
26241,CL3_vyloucene
26244,CL3_vyloucene
26272,CL3_vyloucene
26278,CL3_vyloucene
26280,CL3_vyloucene
26450,CL3_vyloucene
26505,CL3_vyloucene
26559,CL3_vyloucene
26637,CL3_vyloucene
26706,CL3_vyloucene
26718,CL3_vyloucene
2696,CL3_vyloucene
27018,CL3_vyloucene
2728,CL3_vyloucene
27651,CL3_vyloucene
27654,CL3_vyloucene
27719,CL3_vyloucene
27722,CL3_vyloucene
27743,CL3_vyloucene
27769,CL3_vyloucene
27775,CL3_vyloucene
27781,CL3_vyloucene
27786a,CL3_vyloucene
27798,CL3_vyloucene
27801,CL3_vyloucene
2785,CL3_vyloucene
27917,CL3_vyloucene
27920,CL3_vyloucene
27978,CL3_vyloucene
27981,CL3_vyloucene
28018,CL3_vyloucene
28019,CL3_vyloucene
28165,CL3_vyloucene
2821,CL3_vyloucene
28366,CL3_vyloucene
28374,CL3_vyloucene
28580,CL3_vyloucene
28710,CL3_vyloucene
28713,CL3_vyloucene
28928,CL3_vyloucene
28940,CL3_vyloucene
29197,CL3_vyloucene
29219,CL3_vyloucene
2933,CL3_vyloucene
29378,CL3_vyloucene
29558,CL3_vyloucene
29571,CL3_vyloucene
296,CL3_vyloucene
29642,CL3_vyloucene
29646,CL3_vyloucene
29657,CL3_vyloucene
2967,CL3_vyloucene
29710,CL3_vyloucene
29716,CL3_vyloucene
29908,CL3_vyloucene
29909,CL3_vyloucene
3008,CL3_vyloucene
3050,CL3_vyloucene
3066,CL3_vyloucene
31002,CL3_vyloucene
31051,CL3_vyloucene
31160,CL3_vyloucene
31170,CL3_vyloucene
31176,CL3_vyloucene
31184,CL3_vyloucene
31215,CL3_vyloucene
31221,CL3_vyloucene
31223,CL3_vyloucene
31308,CL3_vyloucene
31328,CL3_vyloucene
31338,CL3_vyloucene
31351,CL3_vyloucene
31353,CL3_vyloucene
31378,CL3_vyloucene
31381,CL3_vyloucene
31394,CL3_vyloucene
31395,CL3_vyloucene
31406,CL3_vyloucene
31490,CL3_vyloucene
3152,CL3_vyloucene
31523,CL3_vyloucene
31536,CL3_vyloucene
31547,CL3_vyloucene
31606,CL3_vyloucene
31644,CL3_vyloucene
31748,CL3_vyloucene
31820,CL3_vyloucene
31821,CL3_vyloucene
31822,CL3_vyloucene
31823,CL3_vyloucene
31837,CL3_vyloucene
31839,CL3_vyloucene
32119,CL3_vyloucene
32155,CL3_vyloucene
32169,CL3_vyloucene
32171,CL3_vyloucene
3226,CL3_vyloucene
32297,CL3_vyloucene
3237,CL3_vyloucene
32574,CL3_vyloucene
32584,CL3_vyloucene
32588,CL3_vyloucene
3268,CL3_vyloucene
3270,CL3_vyloucene
32828,CL3_vyloucene
32894,CL3_vyloucene
32919,CL3_vyloucene
33018,CL3_vyloucene
33426,CL3_vyloucene
33439,CL3_vyloucene
33513,CL3_vyloucene
3364,CL3_vyloucene
3407,CL3_vyloucene
34685,CL3_vyloucene
34703,CL3_vyloucene
34827,CL3_vyloucene
34839,CL3_vyloucene
3484,CL3_vyloucene
34841,CL3_vyloucene
34845,CL3_vyloucene
3500,CL3_vyloucene
35267,CL3_vyloucene
35279,CL3_vyloucene
3530,CL3_vyloucene
35320,CL3_vyloucene
3573,CL3_vyloucene
36638,CL3_vyloucene
36700,CL3_vyloucene
36702,CL3_vyloucene
36906,CL3_vyloucene
37319,CL3_vyloucene
37428,CL3_vyloucene
37446,CL3_vyloucene
37454,CL3_vyloucene
37460,CL3_vyloucene
37578,CL3_vyloucene
37598,CL3_vyloucene
37675,CL3_vyloucene
37792,CL3_vyloucene
37804,CL3_vyloucene
37941,CL3_vyloucene
38106,CL3_vyloucene
3815,CL3_vyloucene
3829,CL3_vyloucene
38296,CL3_vyloucene
38334,CL3_vyloucene
38389,CL3_vyloucene
38392,CL3_vyloucene
38433,CL3_vyloucene
38464,CL3_vyloucene
38472,CL3_vyloucene
38473,CL3_vyloucene
38479,CL3_vyloucene
38483,CL3_vyloucene
3851,CL3_vyloucene
38728,CL3_vyloucene
38740,CL3_vyloucene
38742,CL3_vyloucene
38847,CL3_vyloucene
38904,CL3_vyloucene
38909,CL3_vyloucene
38923,CL3_vyloucene
38924,CL3_vyloucene
38957,CL3_vyloucene
38971,CL3_vyloucene
39124,CL3_vyloucene
39130,CL3_vyloucene
39259,CL3_vyloucene
39342,CL3_vyloucene
39376,CL3_vyloucene
39381,CL3_vyloucene
39436,CL3_vyloucene
39442,CL3_vyloucene
39476,CL3_vyloucene
39540,CL3_vyloucene
39548,CL3_vyloucene
39575,CL3_vyloucene
3963,CL3_vyloucene
39645,CL3_vyloucene
39668,CL3_vyloucene
39820,CL3_vyloucene
39846,CL3_vyloucene
39866,CL3_vyloucene
39867,CL3_vyloucene
39873,CL3_vyloucene
39874,CL3_vyloucene
3988,CL3_vyloucene
39885,CL3_vyloucene
39886,CL3_vyloucene
39916,CL3_vyloucene
39940,CL3_vyloucene
39946,CL3_vyloucene
40010,CL3_vyloucene
40070,CL3_vyloucene
40141,CL3_vyloucene
40272,CL3_vyloucene
40290,CL3_vyloucene
40291,CL3_vyloucene
40314,CL3_vyloucene
40330,CL3_vyloucene
40340,CL3_vyloucene
40891,CL3_vyloucene
4183,CL3_vyloucene
4201,CL3_vyloucene
4215,CL3_vyloucene
4309,CL3_vyloucene
4332,CL3_vyloucene
4414,CL3_vyloucene
4418,CL3_vyloucene
4439,CL3_vyloucene
4481,CL3_vyloucene
4517,CL3_vyloucene
4523,CL3_vyloucene
4637,CL3_vyloucene
4644,CL3_vyloucene
4722,CL3_vyloucene
4760,CL3_vyloucene
4787,CL3_vyloucene
4790,CL3_vyloucene
4791,CL3_vyloucene
4875,CL3_vyloucene
4920,CL3_vyloucene
4981,CL3_vyloucene
4998,CL3_vyloucene
50082,CL3_vyloucene
50257,CL3_vyloucene
50386,CL3_vyloucene
50531,CL3_vyloucene
5087,CL3_vyloucene
5090,CL3_vyloucene
5100,CL3_vyloucene
51084,CL3_vyloucene
51086,CL3_vyloucene
51099,CL3_vyloucene
51102,CL3_vyloucene
51106,CL3_vyloucene
5125,CL3_vyloucene
51282,CL3_vyloucene
51593,CL3_vyloucene
51612,CL3_vyloucene
51800,CL3_vyloucene
5188,CL3_vyloucene
51898,CL3_vyloucene
51910,CL3_vyloucene
52030,CL3_vyloucene
52155,CL3_vyloucene
52156,CL3_vyloucene
52168,CL3_vyloucene
52174,CL3_vyloucene
52253,CL3_vyloucene
52356,CL3_vyloucene
5284,CL3_vyloucene
52888,CL3_vyloucene
52893,CL3_vyloucene
5290,CL3_vyloucene
52907,CL3_vyloucene
5301,CL3_vyloucene
5307,CL3_vyloucene
5309,CL3_vyloucene
53197,CL3_vyloucene
53247,CL3_vyloucene
53659,CL3_vyloucene
53670,CL3_vyloucene
53682,CL3_vyloucene
54175,CL3_vyloucene
54288,CL3_vyloucene
54301,CL3_vyloucene
54303,CL3_vyloucene
5431,CL3_vyloucene
54315,CL3_vyloucene
54318,CL3_vyloucene
54324,CL3_vyloucene
54330,CL3_vyloucene
54349,CL3_vyloucene
54363,CL3_vyloucene
54369,CL3_vyloucene
54407,CL3_vyloucene
54413,CL3_vyloucene
54430,CL3_vyloucene
54431,CL3_vyloucene
54443,CL3_vyloucene
54448,CL3_vyloucene
54452,CL3_vyloucene
54466,CL3_vyloucene
54595,CL3_vyloucene
54614,CL3_vyloucene
5465,CL3_vyloucene
5488,CL3_vyloucene
5497,CL3_vyloucene
5508,CL3_vyloucene
5510,CL3_vyloucene
55354,CL3_vyloucene
55454,CL3_vyloucene
55734,CL3_vyloucene
55743,CL3_vyloucene
55749,CL3_vyloucene
55858,CL3_vyloucene
55888,CL3_vyloucene
55891,CL3_vyloucene
55894,CL3_vyloucene
55895,CL3_vyloucene
56000,CL3_vyloucene
56034,CL3_vyloucene
56043,CL3_vyloucene
56099,CL3_vyloucene
56142,CL3_vyloucene
56143,CL3_vyloucene
5669,CL3_vyloucene
5840,CL3_vyloucene
5887,CL3_vyloucene
60030,CL3_vyloucene
60032,CL3_vyloucene
60063,CL3_vyloucene
60095,CL3_vyloucene
60111,CL3_vyloucene
60113,CL3_vyloucene
60302,CL3_vyloucene
60451,CL3_vyloucene
60483,CL3_vyloucene
60489,CL3_vyloucene
60519,CL3_vyloucene
60520,CL3_vyloucene
60602,CL3_vyloucene
60669,CL3_vyloucene
60685,CL3_vyloucene
60689,CL3_vyloucene
60729,CL3_vyloucene
60762,CL3_vyloucene
60904,CL3_vyloucene
6107,CL3_vyloucene
61110,CL3_vyloucene
61240,CL3_vyloucene
61425,CL3_vyloucene
61460,CL3_vyloucene
61483,CL3_vyloucene
61488,CL3_vyloucene
61573,CL3_vyloucene
61594,CL3_vyloucene
61595,CL3_vyloucene
61644,CL3_vyloucene
61656,CL3_vyloucene
61660,CL3_vyloucene
61667,CL3_vyloucene
61672,CL3_vyloucene
61673,CL3_vyloucene
61732,CL3_vyloucene
61939,CL3_vyloucene
61949,CL3_vyloucene
61952,CL3_vyloucene
61959,CL3_vyloucene
6199,CL3_vyloucene
6202,CL3_vyloucene
62092,CL3_vyloucene
62126,CL3_vyloucene
62291,CL3_vyloucene
62324,CL3_vyloucene
6238,CL3_vyloucene
62381,CL3_vyloucene
62627,CL3_vyloucene
62678,CL3_vyloucene
62811,CL3_vyloucene
62944,CL3_vyloucene
63072,CL3_vyloucene
63115,CL3_vyloucene
63438,CL3_vyloucene
63961,CL3_vyloucene
64119,CL3_vyloucene
64327,CL3_vyloucene
64485,CL3_vyloucene
64512,CL3_vyloucene
64530,CL3_vyloucene
64544,CL3_vyloucene
64598,CL3_vyloucene
64599,CL3_vyloucene
64783,CL3_vyloucene
64822,CL3_vyloucene
65087,CL3_vyloucene
65110,CL3_vyloucene
65465,CL3_vyloucene
65556,CL3_vyloucene
65582,CL3_vyloucene
65585,CL3_vyloucene
65692,CL3_vyloucene
65695,CL3_vyloucene
65719,CL3_vyloucene
65770,CL3_vyloucene
65781,CL3_vyloucene
66072,CL3_vyloucene
66299,CL3_vyloucene
66334,CL3_vyloucene
66359,CL3_vyloucene
66370,CL3_vyloucene
66464,CL3_vyloucene
66487,CL3_vyloucene
66488,CL3_vyloucene
66530,CL3_vyloucene
66783,CL3_vyloucene
67108,CL3_vyloucene
67118,CL3_vyloucene
67158,CL3_vyloucene
67248,CL3_vyloucene
67884,CL3_vyloucene
69068,CL3_vyloucene
69127,CL3_vyloucene
69135,CL3_vyloucene
6914,CL3_vyloucene
69223,CL3_vyloucene
69245,CL3_vyloucene
69284,CL3_vyloucene
69291,CL3_vyloucene
69298,CL3_vyloucene
69308,CL3_vyloucene
6931,CL3_vyloucene
69324,CL3_vyloucene
69633,CL3_vyloucene
69668,CL3_vyloucene
69762,CL3_vyloucene
69784,CL3_vyloucene
69837,CL3_vyloucene
69838,CL3_vyloucene
69909,CL3_vyloucene
69946,CL3_vyloucene
70019,CL3_vyloucene
70362,CL3_vyloucene
70386,CL3_vyloucene
70411,CL3_vyloucene
70413,CL3_vyloucene
7045,CL3_vyloucene
70513,CL3_vyloucene
70626,CL3_vyloucene
70650,CL3_vyloucene
70651,CL3_vyloucene
70658,CL3_vyloucene
70666,CL3_vyloucene
70692,CL3_vyloucene
70838,CL3_vyloucene
70863,CL3_vyloucene
70864,CL3_vyloucene
70872,CL3_vyloucene
70914,CL3_vyloucene
71016,CL3_vyloucene
71017,CL3_vyloucene
71022,CL3_vyloucene
7114,CL3_vyloucene
7150,CL3_vyloucene
7154,CL3_vyloucene
7156,CL3_vyloucene
7167,CL3_vyloucene
7203,CL3_vyloucene
72072,CL3_vyloucene
72073,CL3_vyloucene
72120,CL3_vyloucene
72135,CL3_vyloucene
7225,CL3_vyloucene
7232,CL3_vyloucene
72383,CL3_vyloucene
72458,CL3_vyloucene
72481,CL3_vyloucene
7308,CL3_vyloucene
74911,CL3_vyloucene
75474,CL3_vyloucene
75495,CL3_vyloucene
758,CL3_vyloucene
7600,CL3_vyloucene
7617,CL3_vyloucene
76405,CL3_vyloucene
76479,CL3_vyloucene
76489,CL3_vyloucene
76502,CL3_vyloucene
76507,CL3_vyloucene
76823,CL3_vyloucene
76981,CL3_vyloucene
77042,CL3_vyloucene
77050,CL3_vyloucene
77053,CL3_vyloucene
77079,CL3_vyloucene
77080,CL3_vyloucene
77194,CL3_vyloucene
77238,CL3_vyloucene
77280,CL3_vyloucene
77389,CL3_vyloucene
77408,CL3_vyloucene
77409,CL3_vyloucene
77414,CL3_vyloucene
77457,CL3_vyloucene
77460,CL3_vyloucene
77464,CL3_vyloucene
77630,CL3_vyloucene
7765,CL3_vyloucene
7766,CL3_vyloucene
7767,CL3_vyloucene
77690,CL3_vyloucene
77759,CL3_vyloucene
77788,CL3_vyloucene
77910,CL3_vyloucene
77971,CL3_vyloucene
78011,CL3_vyloucene
78017,CL3_vyloucene
78032,CL3_vyloucene
78077,CL3_vyloucene
78215,CL3_vyloucene
78234,CL3_vyloucene
783,CL3_vyloucene
79270,CL3_vyloucene
79274,CL3_vyloucene
79374,CL3_vyloucene
79430,CL3_vyloucene
79431,CL3_vyloucene
79437,CL3_vyloucene
79445,CL3_vyloucene
79498,CL3_vyloucene
79601,CL3_vyloucene
79648,CL3_vyloucene
79704,CL3_vyloucene
79812,CL3_vyloucene
79984,CL3_vyloucene
8008,CL3_vyloucene
80122,CL3_vyloucene
80188,CL3_vyloucene
8034,CL3_vyloucene
80454,CL3_vyloucene
80458,CL3_vyloucene
80463,CL3_vyloucene
80540,CL3_vyloucene
80558,CL3_vyloucene
80731,CL3_vyloucene
80802,CL3_vyloucene
80814,CL3_vyloucene
80829,CL3_vyloucene
80859,CL3_vyloucene
80880,CL3_vyloucene
80889,CL3_vyloucene
80956,CL3_vyloucene
81298,CL3_vyloucene
8138,CL3_vyloucene
81386,CL3_vyloucene
81389,CL3_vyloucene
81612,CL3_vyloucene
81664,CL3_vyloucene
81714,CL3_vyloucene
81750,CL3_vyloucene
81841,CL3_vyloucene
81847,CL3_vyloucene
81917,CL3_vyloucene
81925,CL3_vyloucene
81927,CL3_vyloucene
8200,CL3_vyloucene
8243,CL3_vyloucene
8263,CL3_vyloucene
83091,CL3_vyloucene
83098,CL3_vyloucene
832,CL3_vyloucene
83387,CL3_vyloucene
83400,CL3_vyloucene
83578,CL3_vyloucene
8360,CL3_vyloucene
83600,CL3_vyloucene
83662,CL3_vyloucene
83685,CL3_vyloucene
83689,CL3_vyloucene
83691,CL3_vyloucene
83856,CL3_vyloucene
83952,CL3_vyloucene
84,CL3_vyloucene
84174,CL3_vyloucene
8419,CL3_vyloucene
84392,CL3_vyloucene
84402,CL3_vyloucene
84408,CL3_vyloucene
84432,CL3_vyloucene
84479,CL3_vyloucene
84480,CL3_vyloucene
84530,CL3_vyloucene
84532,CL3_vyloucene
84545,CL3_vyloucene
85150,CL3_vyloucene
85156,CL3_vyloucene
85263,CL3_vyloucene
8549,CL3_vyloucene
85760,CL3_vyloucene
85798,CL3_vyloucene
85947,CL3_vyloucene
85958,CL3_vyloucene
8596,CL3_vyloucene
86186,CL3_vyloucene
86238,CL3_vyloucene
86331,CL3_vyloucene
86342,CL3_vyloucene
86352,CL3_vyloucene
86359,CL3_vyloucene
8642,CL3_vyloucene
86439,CL3_vyloucene
86483,CL3_vyloucene
86513,CL3_vyloucene
86530,CL3_vyloucene
86603,CL3_vyloucene
86606,CL3_vyloucene
86610,CL3_vyloucene
86630,CL3_vyloucene
86631,CL3_vyloucene
86633,CL3_vyloucene
86637,CL3_vyloucene
86646,CL3_vyloucene
86649,CL3_vyloucene
86666,CL3_vyloucene
86668,CL3_vyloucene
8673,CL3_vyloucene
8683,CL3_vyloucene
86867,CL3_vyloucene
86880,CL3_vyloucene
86882,CL3_vyloucene
86890,CL3_vyloucene
86970,CL3_vyloucene
86976,CL3_vyloucene
87115,CL3_vyloucene
87118,CL3_vyloucene
8713,CL3_vyloucene
87388,CL3_vyloucene
8766,CL3_vyloucene
87734,CL3_vyloucene
87850,CL3_vyloucene
87851,CL3_vyloucene
87867,CL3_vyloucene
8802,CL3_vyloucene
8803,CL3_vyloucene
8814,CL3_vyloucene
88380,CL3_vyloucene
88433,CL3_vyloucene
88444,CL3_vyloucene
88489,CL3_vyloucene
88491,CL3_vyloucene
88555,CL3_vyloucene
88580,CL3_vyloucene
88752,CL3_vyloucene
88767,CL3_vyloucene
88791,CL3_vyloucene
88824,CL3_vyloucene
88841,CL3_vyloucene
88857,CL3_vyloucene
88865,CL3_vyloucene
88866,CL3_vyloucene
88868,CL3_vyloucene
88945,CL3_vyloucene
88953,CL3_vyloucene
88994,CL3_vyloucene
88999,CL3_vyloucene
89024,CL3_vyloucene
89100,CL3_vyloucene
89128,CL3_vyloucene
89211,CL3_vyloucene
89237,CL3_vyloucene
89335,CL3_vyloucene
89375,CL3_vyloucene
89409,CL3_vyloucene
89410,CL3_vyloucene
89458,CL3_vyloucene
89473,CL3_vyloucene
89496,CL3_vyloucene
89546,CL3_vyloucene
89567,CL3_vyloucene
89746,CL3_vyloucene
89823,CL3_vyloucene
89863,CL3_vyloucene
8989,CL3_vyloucene
89891,CL3_vyloucene
89941,CL3_vyloucene
89944,CL3_vyloucene
89999,CL3_vyloucene
90047,CL3_vyloucene
90050,CL3_vyloucene
90109,CL3_vyloucene
90133,CL3_vyloucene
90222,CL3_vyloucene
90286,CL3_vyloucene
90290,CL3_vyloucene
90298,CL3_vyloucene
90303,CL3_vyloucene
90412,CL3_vyloucene
90418,CL3_vyloucene
90483,CL3_vyloucene
90496,CL3_vyloucene
90497,CL3_vyloucene
90516,CL3_vyloucene
90653,CL3_vyloucene
909,CL3_vyloucene
90985,CL3_vyloucene
91005,CL3_vyloucene
91112,CL3_vyloucene
91132,CL3_vyloucene
91144,CL3_vyloucene
91189,CL3_vyloucene
91497,CL3_vyloucene
91498,CL3_vyloucene
91512,CL3_vyloucene
91520,CL3_vyloucene
91531,CL3_vyloucene
91532,CL3_vyloucene
91682,CL3_vyloucene
91693,CL3_vyloucene
91718,CL3_vyloucene
91719,CL3_vyloucene
9175,CL3_vyloucene
91788,CL3_vyloucene
91889,CL3_vyloucene
91920,CL3_vyloucene
91943,CL3_vyloucene
92007,CL3_vyloucene
92034,CL3_vyloucene
92039,CL3_vyloucene
9205,CL3_vyloucene
92089,CL3_vyloucene
92092,CL3_vyloucene
92116,CL3_vyloucene
92154,CL3_vyloucene
92165,CL3_vyloucene
92192,CL3_vyloucene
92223,CL3_vyloucene
93165,CL3_vyloucene
93211,CL3_vyloucene
9323,CL3_vyloucene
9336,CL3_vyloucene
9338,CL3_vyloucene
9414,CL3_vyloucene
942,CL3_vyloucene
943,CL3_vyloucene
9463,CL3_vyloucene
9478,CL3_vyloucene
9495,CL3_vyloucene
9522,CL3_vyloucene
95222,CL3_vyloucene
9529,CL3_vyloucene
95318,CL3_vyloucene
95355,CL3_vyloucene
9537,CL3_vyloucene
95396,CL3_vyloucene
95406,CL3_vyloucene
95421,CL3_vyloucene
95451,CL3_vyloucene
95457,CL3_vyloucene
95459,CL3_vyloucene
95520,CL3_vyloucene
95549,CL3_vyloucene
95628,CL3_vyloucene
95677,CL3_vyloucene
95800,CL3_vyloucene
95803,CL3_vyloucene
95875,CL3_vyloucene
95876,CL3_vyloucene
95889,CL3_vyloucene
95955,CL3_vyloucene
95956,CL3_vyloucene
95959,CL3_vyloucene
95998,CL3_vyloucene
96000,CL3_vyloucene
96009,CL3_vyloucene
96018,CL3_vyloucene
96024,CL3_vyloucene
960302,CL3_vyloucene
960334,CL3_vyloucene
960337,CL3_vyloucene
960363,CL3_vyloucene
960371,CL3_vyloucene
960432,CL3_vyloucene
960434,CL3_vyloucene
960449,CL3_vyloucene
96049,CL3_vyloucene
960680,CL3_vyloucene
960682,CL3_vyloucene
960686,CL3_vyloucene
960694,CL3_vyloucene
96260,CL3_vyloucene
96346,CL3_vyloucene
96369,CL3_vyloucene
96703,CL3_vyloucene
96705,CL3_vyloucene
96725,CL3_vyloucene
96729,CL3_vyloucene
96733,CL3_vyloucene
96824,CL3_vyloucene
96825,CL3_vyloucene
96841,CL3_vyloucene
96922,CL3_vyloucene
96976,CL3_vyloucene
97127,CL3_vyloucene
97131,CL3_vyloucene
97132,CL3_vyloucene
97146,CL3_vyloucene
97488,CL3_vyloucene
97493,CL3_vyloucene
97534,CL3_vyloucene
97559,CL3_vyloucene
97587,CL3_vyloucene
97794,CL3_vyloucene
97795,CL3_vyloucene
97864,CL3_vyloucene
97870,CL3_vyloucene
97906,CL3_vyloucene
97977,CL3_vyloucene
98060,CL3_vyloucene
98073,CL3_vyloucene
98076,CL3_vyloucene
98079,CL3_vyloucene
98080,CL3_vyloucene
98084,CL3_vyloucene
98085,CL3_vyloucene
98086,CL3_vyloucene
98087,CL3_vyloucene
98089,CL3_vyloucene
98094,CL3_vyloucene
98105,CL3_vyloucene
98121,CL3_vyloucene
98123,CL3_vyloucene
98137,CL3_vyloucene
98138,CL3_vyloucene
98143,CL3_vyloucene
98145,CL3_vyloucene
98157,CL3_vyloucene
98183,CL3_vyloucene
98202,CL3_vyloucene
98203,CL3_vyloucene
98207,CL3_vyloucene
98208,CL3_vyloucene
98209,CL3_vyloucene
98210,CL3_vyloucene
98211,CL3_vyloucene
98212,CL3_vyloucene
98213,CL3_vyloucene
98217,CL3_vyloucene
9822,CL3_vyloucene
98228,CL3_vyloucene
9824,CL3_vyloucene
98340,CL3_vyloucene
98378,CL3_vyloucene
98426,CL3_vyloucene
98433,CL3_vyloucene
98529,CL3_vyloucene
98532,CL3_vyloucene
98536,CL3_vyloucene
98542,CL3_vyloucene
98607,CL3_vyloucene
9863,CL3_vyloucene
98714,CL3_vyloucene
98720,CL3_vyloucene
98748,CL3_vyloucene
98755,CL3_vyloucene
98757,CL3_vyloucene
9879,CL3_vyloucene
98848,CL3_vyloucene
98857,CL3_vyloucene
9886,CL3_vyloucene
98875,CL3_vyloucene
98964,CL3_vyloucene
98980,CL3_vyloucene
99076,CL3_vyloucene
99130,CL3_vyloucene
99332,CL3_vyloucene
99420,CL3_vyloucene
99452,CL3_vyloucene
99460,CL3_vyloucene
9947,CL3_vyloucene
99514,CL3_vyloucene
99540,CL3_vyloucene
99556,CL3_vyloucene
99558,CL3_vyloucene
99743,CL3_vyloucene
99756,CL3_vyloucene
99769,CL3_vyloucene
99796,CL3_vyloucene
99862,CL3_vyloucene
99884,CL3_vyloucene
99904,CL3_vyloucene
99907,CL3_vyloucene
99916,CL3_vyloucene
99919,CL3_vyloucene
99934,CL3_vyloucene
99985,CL3_vyloucene
9999009,CL3_vyloucene
9999028,CL3_vyloucene
9999034,CL3_vyloucene
